Effective Date,Rate Type,Rate (%),1st Percentile (%),25th Percentile (%),75th Percentile (%),99th Percentile (%),Volume ($Billions),Target Rate From (%),Target Rate To (%),Intra Day - Low (%),Intra Day - High (%),Standard Deviation (%),30-Day Average SOFR,90-Day Average SOFR,180-Day Average SOFR,SOFR Index,Revision Indicator (Y/N),Footnote ID
12/12/2024,SOFR,4.62,4.55,4.6,4.68,4.72,2262,,,,,,,,,,,
12/11/2024,SOFR,4.62,4.56,4.6,4.68,4.72,2287,,,,,,,,,,,
12/10/2024,SOFR,4.64,4.56,4.61,4.72,4.76,2308,,,,,,,,,,,
12/9/2024,SOFR,4.63,4.56,4.6,4.69,4.74,2305,,,,,,,,,,,
12/6/2024,SOFR,4.6,4.55,4.58,4.68,4.7,2277,,,,,,,,,,,
12/5/2024,SOFR,4.59,4.55,4.57,4.65,4.68,2325,,,,,,,,,,,
12/4/2024,SOFR,4.59,4.55,4.58,4.66,4.69,2265,,,,,,,,,,,
12/3/2024,SOFR,4.64,4.55,4.6,4.7,4.75,2329,,,,,,,,,,,
12/2/2024,SOFR,4.64,4.57,4.6,4.72,4.75,2440,,,,,,,,,,,
11/29/2024,SOFR,4.59,4.55,4.58,4.66,4.7,2209,,,,,,,,,,,
11/27/2024,SOFR,4.57,4.54,4.56,4.63,4.66,2136,,,,,,,,,,,
11/26/2024,SOFR,4.58,4.54,4.57,4.64,4.69,2214,,,,,,,,,,,
11/25/2024,SOFR,4.58,4.55,4.57,4.64,4.69,2206,,,,,,,,,,,
11/22/2024,SOFR,4.57,4.53,4.56,4.62,4.66,2188,,,,,,,,,,,
11/21/2024,SOFR,4.57,4.55,4.56,4.62,4.66,2291,,,,,,,,,,,
11/20/2024,SOFR,4.56,4.54,4.56,4.61,4.65,2155,,,,,,,,,,,
11/19/2024,SOFR,4.57,4.55,4.56,4.62,4.66,2275,,,,,,,,,,,
11/18/2024,SOFR,4.57,4.54,4.56,4.62,4.65,2297,,,,,,,,,,,
11/15/2024,SOFR,4.57,4.55,4.56,4.62,4.65,2425,,,,,,,,,,,
11/14/2024,SOFR,4.58,4.55,4.57,4.62,4.66,2177,,,,,,,,,,,
11/13/2024,SOFR,4.59,4.55,4.58,4.64,4.69,2233,,,,,,,,,,,
11/12/2024,SOFR,4.6,4.55,4.58,4.66,4.7,2298,,,,,,,,,,,
11/8/2024,SOFR,4.6,4.55,4.58,4.66,4.83,2184,,,,,,,,,,,
11/7/2024,SOFR,4.82,4.79,4.81,4.87,4.91,2266,,,,,,,,,,,
11/6/2024,SOFR,4.81,4.78,4.81,4.85,4.88,2128,,,,,,,,,,,
11/5/2024,SOFR,4.82,4.79,4.81,4.85,4.89,2235,,,,,,,,,,,
11/4/2024,SOFR,4.82,4.79,4.82,4.87,4.91,2308,,,,,,,,,,,
11/1/2024,SOFR,4.86,4.8,4.84,4.93,4.97,2164,,,,,,,,,,,
10/31/2024,SOFR,4.9,4.8,4.86,4.98,5.03,2244,,,,,,,,,,,
10/30/2024,SOFR,4.81,4.78,4.81,4.85,4.89,2045,,,,,,,,,,,
10/29/2024,SOFR,4.82,4.78,4.81,4.86,4.9,2116,,,,,,,,,,,
10/28/2024,SOFR,4.82,4.79,4.81,4.88,4.92,2194,,,,,,,,,,,
10/25/2024,SOFR,4.83,4.79,4.82,4.89,4.94,2188,,,,,,,,,,,
10/24/2024,SOFR,4.83,4.77,4.83,4.89,4.94,2246,,,,,,,,,,,
10/23/2024,SOFR,4.83,4.79,4.82,4.89,4.92,2129,,,,,,,,,,,
10/22/2024,SOFR,4.83,4.79,4.82,4.89,4.92,2226,,,,,,,,,,,
10/21/2024,SOFR,4.82,4.8,4.81,4.87,4.91,2322,,,,,,,,,,,
10/18/2024,SOFR,4.84,4.8,4.82,4.9,4.94,2168,,,,,,,,,,,
10/17/2024,SOFR,4.85,4.81,4.84,4.94,4.98,2334,,,,,,,,,,,
10/16/2024,SOFR,4.86,4.81,4.84,4.94,4.97,2317,,,,,,,,,,,
10/15/2024,SOFR,4.86,4.81,4.84,4.94,5,2272,,,,,,,,,,,
10/11/2024,SOFR,4.81,4.79,4.81,4.85,4.89,2058,,,,,,,,,,,
10/10/2024,SOFR,4.82,4.79,4.81,4.86,4.91,2198,,,,,,,,,,,
10/9/2024,SOFR,4.83,4.8,4.82,4.88,4.93,2220,,,,,,,,,,,
10/8/2024,SOFR,4.84,4.8,4.83,4.9,4.94,2166,,,,,,,,,,,
10/7/2024,SOFR,4.83,4.8,4.82,4.88,4.93,2350,,,,,,,,,,,
10/4/2024,SOFR,4.83,4.8,4.82,4.89,4.93,2377,,,,,,,,,,,
10/3/2024,SOFR,4.85,4.8,4.83,4.91,4.96,2182,,,,,,,,,,,
10/2/2024,SOFR,4.92,4.83,4.87,5.01,5.09,2426,,,,,,,,,,,
10/1/2024,SOFR,5.05,4.85,4.92,5.14,5.28,2395,,,,,,,,,,,
9/30/2024,SOFR,4.96,4.83,4.88,5.02,5.45,2523,,,,,,,,,,,
9/27/2024,SOFR,4.84,4.8,4.83,4.9,4.95,2077,,,,,,,,,,,
9/26/2024,SOFR,4.83,4.8,4.82,4.89,4.95,2329,,,,,,,,,,,
9/25/2024,SOFR,4.84,4.79,4.83,4.91,4.95,2133,,,,,,,,,,,
9/24/2024,SOFR,4.84,4.79,4.83,4.91,4.95,2171,,,,,,,,,,,
9/23/2024,SOFR,4.83,4.78,4.82,4.89,4.93,2198,,,,,,,,,,,
9/20/2024,SOFR,4.83,4.78,4.82,4.88,4.92,2147,,,,,,,,,,,
9/19/2024,SOFR,4.82,4.79,4.81,4.86,5.34,2378,,,,,,,,,,,
9/18/2024,SOFR,5.33,5.28,5.32,5.38,5.42,2194,,,,,,,,,,,
9/17/2024,SOFR,5.38,5.3,5.33,5.43,5.47,2161,,,,,,,,,,,
9/16/2024,SOFR,5.38,5.3,5.33,5.44,5.48,2212,,,,,,,,,,,
9/13/2024,SOFR,5.33,5.3,5.32,5.39,5.43,2232,,,,,,,,,,,
9/12/2024,SOFR,5.33,5.28,5.31,5.39,5.42,2087,,,,,,,,,,,
9/11/2024,SOFR,5.32,5.29,5.31,5.37,5.41,2308,,,,,,,,,,,
9/10/2024,SOFR,5.33,5.29,5.32,5.38,5.43,2161,,,,,,,,,,,
9/9/2024,SOFR,5.34,5.29,5.32,5.41,5.45,2094,,,,,,,,,,,
9/6/2024,SOFR,5.34,5.3,5.33,5.42,5.46,2119,,,,,,,,,,,
9/5/2024,SOFR,5.35,5.3,5.33,5.43,5.46,2205,,,,,,,,,,,
9/4/2024,SOFR,5.35,5.3,5.33,5.43,5.46,2169,,,,,,,,,,,
9/3/2024,SOFR,5.34,5.3,5.33,5.45,5.5,2403,,,,,,,,,,,
8/30/2024,SOFR,5.32,5.28,5.32,5.38,5.43,2011,,,,,,,,,,,
8/29/2024,SOFR,5.33,5.29,5.32,5.39,5.46,2088,,,,,,,,,,,
8/28/2024,SOFR,5.35,5.3,5.34,5.44,5.49,2030,,,,,,,,,,,
8/27/2024,SOFR,5.35,5.3,5.34,5.46,5.5,2227,,,,,,,,,,,
8/26/2024,SOFR,5.34,5.3,5.32,5.4,5.44,2039,,,,,,,,,,,
8/23/2024,SOFR,5.33,5.3,5.32,5.39,5.44,2152,,,,,,,,,,,
8/22/2024,SOFR,5.31,5.28,5.31,5.37,5.41,2037,,,,,,,,,,,
8/21/2024,SOFR,5.31,5.28,5.31,5.35,5.39,1975,,,,,,,,,,,
8/20/2024,SOFR,5.32,5.29,5.31,5.38,5.43,2101,,,,,,,,,,,
8/19/2024,SOFR,5.32,5.29,5.31,5.38,5.42,2118,,,,,,,,,,,
8/16/2024,SOFR,5.32,5.29,5.32,5.39,5.43,2131,,,,,,,,,,,
8/15/2024,SOFR,5.35,5.3,5.32,5.42,5.45,2118,,,,,,,,,,,
8/14/2024,SOFR,5.33,5.28,5.32,5.39,5.44,2108,,,,,,,,,,,
8/13/2024,SOFR,5.34,5.3,5.34,5.43,5.48,2082,,,,,,,,,,,
8/12/2024,SOFR,5.34,5.3,5.33,5.41,5.46,2138,,,,,,,,,,,
8/9/2024,SOFR,5.34,5.3,5.33,5.42,5.46,2170,,,,,,,,,,,
8/8/2024,SOFR,5.34,5.3,5.33,5.43,5.47,2196,,,,,,,,,,,
8/7/2024,SOFR,5.33,5.3,5.32,5.39,5.44,2042,,,,,,,,,,,
8/6/2024,SOFR,5.33,5.3,5.32,5.4,5.43,2086,,,,,,,,,,,
8/5/2024,SOFR,5.32,5.29,5.31,5.38,5.42,2199,,,,,,,,,,,
8/2/2024,SOFR,5.35,5.3,5.33,5.43,5.48,2077,,,,,,,,,,,
8/1/2024,SOFR,5.35,5.3,5.34,5.46,5.51,2211,,,,,,,,,,,
7/31/2024,SOFR,5.38,5.3,5.34,5.47,5.51,2185,,,,,,,,,,,
7/30/2024,SOFR,5.33,5.3,5.32,5.4,5.45,1978,,,,,,,,,,,
7/29/2024,SOFR,5.33,5.3,5.33,5.41,5.46,1982,,,,,,,,,,,
7/26/2024,SOFR,5.35,5.3,5.34,5.45,5.5,2027,,,,,,,,,,,
7/25/2024,SOFR,5.35,5.3,5.34,5.45,5.49,2129,,,,,,,,,,,
7/24/2024,SOFR,5.34,5.3,5.33,5.42,5.47,2083,,,,,,,,,,,
7/23/2024,SOFR,5.34,5.3,5.32,5.41,5.45,2011,,,,,,,,,,,
7/22/2024,SOFR,5.33,5.28,5.32,5.4,5.44,2120,,,,,,,,,,,
7/19/2024,SOFR,5.34,5.3,5.32,5.41,5.45,1992,,,,,,,,,,,
7/18/2024,SOFR,5.34,5.3,5.32,5.41,5.46,2014,,,,,,,,,,,
7/17/2024,SOFR,5.35,5.3,5.34,5.44,5.49,2025,,,,,,,,,,,
7/16/2024,SOFR,5.35,5.3,5.34,5.45,5.49,2061,,,,,,,,,,,
7/15/2024,SOFR,5.34,5.3,5.33,5.44,5.48,2175,,,,,,,,,,,
7/12/2024,SOFR,5.34,5.3,5.32,5.41,5.45,1900,,,,,,,,,,,
7/11/2024,SOFR,5.34,5.3,5.32,5.41,5.45,1920,,,,,,,,,,,
7/10/2024,SOFR,5.34,5.3,5.33,5.42,5.46,1949,,,,,,,,,,,
7/9/2024,SOFR,5.34,5.3,5.33,5.42,5.47,1913,,,,,,,,,,,
7/8/2024,SOFR,5.32,5.29,5.31,5.39,5.43,2090,,,,,,,,,,,
7/5/2024,SOFR,5.32,5.29,5.31,5.39,5.44,2126,,,,,,,,,,,
7/3/2024,SOFR,5.33,5.29,5.32,5.41,5.46,2007,,,,,,,,,,,
7/2/2024,SOFR,5.35,5.3,5.33,5.46,5.5,2110,,,,,,,,,,,
7/1/2024,SOFR,5.4,5.29,5.33,5.47,5.51,1967,,,,,,,,,,,
6/28/2024,SOFR,5.33,5.29,5.32,5.41,5.47,2024,,,,,,,,,,,
6/27/2024,SOFR,5.34,5.29,5.32,5.41,5.48,1888,,,,,,,,,,,
6/26/2024,SOFR,5.34,5.3,5.33,5.45,5.5,1897,,,,,,,,,,,
6/25/2024,SOFR,5.33,5.3,5.32,5.41,5.46,1968,,,,,,,,,,,
6/24/2024,SOFR,5.31,5.28,5.3,5.36,5.4,1992,,,,,,,,,,,
6/21/2024,SOFR,5.31,5.28,5.3,5.35,5.41,1991,,,,,,,,,,,
6/20/2024,SOFR,5.32,5.27,5.31,5.37,5.42,2052,,,,,,,,,,,
6/18/2024,SOFR,5.33,5.29,5.32,5.4,5.45,2021,,,,,,,,,,,
6/17/2024,SOFR,5.33,5.3,5.32,5.41,5.46,1975,,,,,,,,,,,
6/14/2024,SOFR,5.31,5.28,5.31,5.37,5.41,1855,,,,,,,,,,,
6/13/2024,SOFR,5.31,5.29,5.3,5.36,5.41,2035,,,,,,,,,,,
6/12/2024,SOFR,5.31,5.28,5.3,5.35,5.41,1957,,,,,,,,,,,
6/11/2024,SOFR,5.32,5.28,5.31,5.37,5.42,1946,,,,,,,,,,,
6/10/2024,SOFR,5.32,5.27,5.32,5.38,5.43,1847,,,,,,,,,,,
6/7/2024,SOFR,5.33,5.29,5.32,5.4,5.44,1934,,,,,,,,,,,
6/6/2024,SOFR,5.33,5.29,5.32,5.4,5.44,2008,,,,,,,,,,,
6/5/2024,SOFR,5.33,5.3,5.32,5.39,5.43,1989,,,,,,,,,,,
6/4/2024,SOFR,5.33,5.29,5.32,5.4,5.44,2092,,,,,,,,,,,
6/3/2024,SOFR,5.35,5.29,5.32,5.4,5.44,1912,,,,,,,,,,,
5/31/2024,SOFR,5.34,5.3,5.33,5.43,5.48,2061,,,,,,,,,,,
5/30/2024,SOFR,5.33,5.29,5.32,5.4,5.46,1824,,,,,,,,,,,
5/29/2024,SOFR,5.33,5.28,5.32,5.4,5.44,1807,,,,,,,,,,,
5/28/2024,SOFR,5.32,5.28,5.31,5.39,5.43,2013,,,,,,,,,,,
5/24/2024,SOFR,5.32,5.28,5.31,5.37,5.41,1909,,,,,,,,,,,
5/23/2024,SOFR,5.31,5.28,5.3,5.35,5.39,1916,,,,,,,,,,,
5/22/2024,SOFR,5.31,5.28,5.3,5.35,5.39,1900,,,,,,,,,,,
5/21/2024,SOFR,5.31,5.28,5.3,5.35,5.39,1929,,,,,,,,,,,
5/20/2024,SOFR,5.31,5.28,5.3,5.35,5.39,1866,,,,,,,,,,,
5/17/2024,SOFR,5.31,5.28,5.3,5.35,5.39,1964,,,,,,,,,,,
5/16/2024,SOFR,5.31,5.28,5.3,5.35,5.41,2001,,,,,,,,,,,
5/15/2024,SOFR,5.31,5.28,5.3,5.34,5.38,1936,,,,,,,,,,,
5/14/2024,SOFR,5.31,5.28,5.3,5.34,5.38,1838,,,,,,,,,,,
5/13/2024,SOFR,5.31,5.27,5.3,5.33,5.38,1805,,,,,,,,,,,
5/10/2024,SOFR,5.31,5.28,5.3,5.34,5.39,1816,,,,,,,,,,,
5/9/2024,SOFR,5.31,5.28,5.3,5.35,5.39,1871,,,,,,,,,,,
5/8/2024,SOFR,5.31,5.27,5.3,5.35,5.39,1845,,,,,,,,,,,
5/7/2024,SOFR,5.31,5.28,5.3,5.35,5.4,1864,,,,,,,,,,,
5/6/2024,SOFR,5.31,5.28,5.3,5.35,5.4,1855,,,,,,,,,,,
5/3/2024,SOFR,5.31,5.28,5.3,5.35,5.4,1863,,,,,,,,,,,
5/2/2024,SOFR,5.31,5.28,5.31,5.36,5.41,1838,,,,,,,,,,,
5/1/2024,SOFR,5.32,5.28,5.31,5.38,5.43,1955,,,,,,,,,,,
4/30/2024,SOFR,5.34,5.29,5.31,5.4,5.5,1831,,,,,,,,,,,
4/29/2024,SOFR,5.32,5.28,5.31,5.38,5.43,1781,,,,,,,,,,,
4/26/2024,SOFR,5.32,5.28,5.31,5.38,5.43,1795,,,,,,,,,,,
4/25/2024,SOFR,5.31,5.28,5.31,5.37,5.42,1774,,,,,,,,,,,
4/24/2024,SOFR,5.31,5.28,5.3,5.35,5.4,1778,,,,,,,,,,,
4/23/2024,SOFR,5.31,5.27,5.3,5.34,5.39,1757,,,,,,,,,,,
4/22/2024,SOFR,5.31,5.27,5.3,5.34,5.38,1746,,,,,,,,,,,
4/19/2024,SOFR,5.31,5.27,5.3,5.34,5.38,1780,,,,,,,,,,,
4/18/2024,SOFR,5.3,5.28,5.3,5.33,5.39,1764,,,,,,,,,,,
4/17/2024,SOFR,5.31,5.27,5.3,5.33,5.39,1731,,,,,,,,,,,
4/16/2024,SOFR,5.31,5.28,5.31,5.36,5.41,1809,,,,,,,,,,,
4/15/2024,SOFR,5.32,5.28,5.31,5.39,5.43,1938,,,,,,,,,,,
4/12/2024,SOFR,5.31,5.27,5.3,5.35,5.4,1805,,,,,,,,,,,
4/11/2024,SOFR,5.31,5.28,5.3,5.35,5.39,1857,,,,,,,,,,,
4/10/2024,SOFR,5.31,5.28,5.3,5.35,5.39,1909,,,,,,,,,,,
4/9/2024,SOFR,5.31,5.28,5.31,5.35,5.4,1826,,,,,,,,,,,
4/8/2024,SOFR,5.31,5.28,5.31,5.36,5.41,1807,,,,,,,,,,,
4/5/2024,SOFR,5.32,5.28,5.31,5.38,5.42,1898,,,,,,,,,,,
4/4/2024,SOFR,5.32,5.28,5.31,5.37,5.41,1974,,,,,,,,,,,
4/3/2024,SOFR,5.32,5.28,5.31,5.38,5.43,1985,,,,,,,,,,,
4/2/2024,SOFR,5.34,5.3,5.33,5.45,5.5,1927,,,,,,,,,,,
4/1/2024,SOFR,5.35,5.3,5.33,5.47,5.51,2023,,,,,,,,,,,
3/28/2024,SOFR,5.34,5.3,5.32,5.42,5.48,1911,,,,,,,,,,,
3/27/2024,SOFR,5.33,5.28,5.32,5.43,5.48,1807,,,,,,,,,,,
3/26/2024,SOFR,5.32,5.28,5.31,5.4,5.44,1849,,,,,,,,,,,
3/25/2024,SOFR,5.31,5.28,5.31,5.38,5.43,1820,,,,,,,,,,,
3/22/2024,SOFR,5.31,5.27,5.31,5.37,5.42,1796,,,,,,,,,,,
3/21/2024,SOFR,5.31,5.27,5.3,5.35,5.39,1849,,,,,,,,,,,
3/20/2024,SOFR,5.31,5.27,5.3,5.34,5.38,1736,,,,,,,,,,,
3/19/2024,SOFR,5.31,5.2,5.3,5.34,5.38,1813,,,,,,,,,,,
3/18/2024,SOFR,5.31,5.27,5.3,5.34,5.39,1788,,,,,,,,,,,
3/15/2024,SOFR,5.31,5.28,5.31,5.37,5.41,1803,,,,,,,,,,,
3/14/2024,SOFR,5.31,5.27,5.3,5.34,5.39,1782,,,,,,,,,,,
3/13/2024,SOFR,5.31,5.27,5.3,5.35,5.4,1784,,,,,,,,,,,
3/12/2024,SOFR,5.31,5.27,5.31,5.36,5.4,1699,,,,,,,,,,,
3/11/2024,SOFR,5.31,5.27,5.3,5.35,5.4,1804,,,,,,,,,,,
3/8/2024,SOFR,5.31,5.27,5.3,5.35,5.39,1782,,,,,,,,,,,
3/7/2024,SOFR,5.31,5.27,5.3,5.34,5.38,1793,,,,,,,,,,,
3/6/2024,SOFR,5.31,5.27,5.3,5.33,5.38,1707,,,,,,,,,,,
3/5/2024,SOFR,5.31,5.27,5.3,5.34,5.39,1807,,,,,,,,,,,
3/4/2024,SOFR,5.31,5.27,5.3,5.35,5.39,1858,,,,,,,,,,,
3/1/2024,SOFR,5.31,5.28,5.31,5.36,5.4,1783,,,,,,,,,,,
2/29/2024,SOFR,5.32,5.28,5.31,5.37,5.41,1951,,,,,,,,,,,
2/28/2024,SOFR,5.31,5.27,5.3,5.33,5.38,1620,,,,,,,,,,,
2/27/2024,SOFR,5.31,5.28,5.3,5.35,5.4,1741,,,,,,,,,,,
2/26/2024,SOFR,5.31,5.28,5.3,5.36,5.41,1739,,,,,,,,,,,
2/23/2024,SOFR,5.31,5.27,5.3,5.35,5.39,1736,,,,,,,,,,,
2/22/2024,SOFR,5.3,5.27,5.3,5.33,5.38,1620,,,,,,,,,,,
2/21/2024,SOFR,5.3,5.27,5.3,5.32,5.37,1607,,,,,,,,,,,
2/20/2024,SOFR,5.3,5.25,5.3,5.32,5.37,1610,,,,,,,,,,,
2/16/2024,SOFR,5.3,5.26,5.3,5.32,5.37,1666,,,,,,,,,,,
2/15/2024,SOFR,5.31,5.27,5.3,5.33,5.38,1746,,,,,,,,,,,
2/14/2024,SOFR,5.3,5.26,5.3,5.32,5.38,1596,,,,,,,,,,,
2/13/2024,SOFR,5.31,5.27,5.3,5.34,5.39,1714,,,,,,,,,,,
2/12/2024,SOFR,5.31,5.27,5.3,5.35,5.4,1725,,,,,,,,,,,
2/9/2024,SOFR,5.31,5.27,5.3,5.36,5.4,1581,,,,,,,,,,,
2/8/2024,SOFR,5.31,5.27,5.3,5.36,5.4,1669,,,,,,,,,,,
2/7/2024,SOFR,5.31,5.27,5.3,5.35,5.4,1797,,,,,,,,,,,
2/6/2024,SOFR,5.31,5.28,5.31,5.36,5.4,1738,,,,,,,,,,,
2/5/2024,SOFR,5.31,5.27,5.31,5.36,5.41,1731,,,,,,,,,,,
2/2/2024,SOFR,5.32,5.28,5.31,5.39,5.44,1849,,,,,,,,,,,
2/1/2024,SOFR,5.32,5.28,5.31,5.39,5.43,1897,,,,,,,,,,,
1/31/2024,SOFR,5.32,5.28,5.31,5.4,5.43,1874,,,,,,,,,,,
1/30/2024,SOFR,5.31,5.28,5.3,5.36,5.4,1642,,,,,,,,,,,
1/29/2024,SOFR,5.31,5.27,5.3,5.36,5.4,1598,,,,,,,,,,,
1/26/2024,SOFR,5.32,5.28,5.31,5.37,5.42,1712,,,,,,,,,,,
1/25/2024,SOFR,5.32,5.28,5.31,5.38,5.43,1768,,,,,,,,,,,
1/24/2024,SOFR,5.31,5.26,5.3,5.36,5.4,1596,,,,,,,,,,,
1/23/2024,SOFR,5.31,5.26,5.3,5.34,5.38,1686,,,,,,,,,,,
1/22/2024,SOFR,5.31,5.26,5.3,5.33,5.38,1595,,,,,,,,,,,
1/19/2024,SOFR,5.31,5.26,5.3,5.33,5.37,1688,,,,,,,,,,,
1/18/2024,SOFR,5.31,5.27,5.3,5.34,5.4,1746,,,,,,,,,,,
1/17/2024,SOFR,5.32,5.28,5.31,5.37,5.42,1764,,,,,,,,,,,
1/16/2024,SOFR,5.32,5.28,5.31,5.38,5.42,1854,,,,,,,,,,,
1/12/2024,SOFR,5.31,5.27,5.3,5.36,5.4,1590,,,,,,,,,,,
1/11/2024,SOFR,5.31,5.28,5.3,5.36,5.4,1648,,,,,,,,,,,
1/10/2024,SOFR,5.31,5.28,5.3,5.36,5.4,1660,,,,,,,,,,,
1/9/2024,SOFR,5.31,5.28,5.3,5.36,5.4,1693,,,,,,,,,,,
1/8/2024,SOFR,5.31,5.28,5.3,5.36,5.4,1658,,,,,,,,,,,
1/5/2024,SOFR,5.31,5.28,5.3,5.36,5.4,1674,,,,,,,,,,,
1/4/2024,SOFR,5.32,5.29,5.31,5.4,5.44,1930,,,,,,,,,,,
1/3/2024,SOFR,5.39,5.3,5.33,5.48,5.53,1832,,,,,,,,,,,
1/2/2024,SOFR,5.4,5.3,5.33,5.51,5.56,1948,,,,,,,,,,,
12/29/2023,SOFR,5.38,5.3,5.33,5.5,5.68,1702,,,,,,,,,,,
12/28/2023,SOFR,5.4,5.3,5.35,5.55,5.64,1832,,,,,,,,,,,
12/27/2023,SOFR,5.39,5.29,5.33,5.49,5.55,1722,,,,,,,,,,,
12/26/2023,SOFR,5.35,5.28,5.31,5.45,5.48,1644,,,,,,,,,,,
12/22/2023,SOFR,5.32,5.27,5.31,5.38,5.42,1667,,,,,,,,,,,
12/21/2023,SOFR,5.31,5.26,5.3,5.35,5.39,1720,,,,,,,,,,,
12/20/2023,SOFR,5.31,5.26,5.3,5.34,5.38,1678,,,,,,,,,,,
12/19/2023,SOFR,5.31,5.27,5.3,5.35,5.4,1757,,,,,,,,,,,
12/18/2023,SOFR,5.32,5.27,5.3,5.37,5.42,1665,,,,,,,,,,,
12/15/2023,SOFR,5.32,5.27,5.31,5.39,5.42,1776,,,,,,,,,,,
12/14/2023,SOFR,5.31,5.26,5.3,5.33,5.39,1695,,,,,,,,,,,
12/13/2023,SOFR,5.31,5.26,5.3,5.35,5.4,1635,,,,,,,,,,,
12/12/2023,SOFR,5.31,5.27,5.3,5.35,5.41,1713,,,,,,,,,,,
12/11/2023,SOFR,5.32,5.27,5.3,5.38,5.42,1577,,,,,,,,,,,
12/8/2023,SOFR,5.32,5.27,5.3,5.37,5.42,1610,,,,,,,,,,,
12/7/2023,SOFR,5.32,5.28,5.31,5.38,5.43,1702,,,,,,,,,,,
12/6/2023,SOFR,5.32,5.28,5.31,5.41,5.45,1707,,,,,,,,,,,
12/5/2023,SOFR,5.33,5.28,5.31,5.42,5.47,1792,,,,,,,,,,,
12/4/2023,SOFR,5.37,5.28,5.31,5.44,5.48,1631,,,,,,,,,,,
12/1/2023,SOFR,5.39,5.28,5.32,5.45,5.5,1650,,,,,,,,,,,
11/30/2023,SOFR,5.33,5.28,5.31,5.44,5.51,1850,,,,,,,,,,,
11/29/2023,SOFR,5.31,5.27,5.3,5.39,5.44,1578,,,,,,,,,,,
11/28/2023,SOFR,5.32,5.27,5.3,5.4,5.43,1593,,,,,,,,,,,
11/27/2023,SOFR,5.32,5.27,5.3,5.4,5.44,1602,,,,,,,,,,,
11/24/2023,SOFR,5.32,5.27,5.3,5.39,5.42,1521,,,,,,,,,,,
11/22/2023,SOFR,5.31,5.26,5.3,5.35,5.4,1547,,,,,,,,,,,
11/21/2023,SOFR,5.31,5.26,5.3,5.35,5.4,1603,,,,,,,,,,,
11/20/2023,SOFR,5.31,5.26,5.3,5.36,5.41,1621,,,,,,,,,,,
11/17/2023,SOFR,5.32,5.27,5.3,5.38,5.43,1587,,,,,,,,,,,
11/16/2023,SOFR,5.32,5.27,5.3,5.39,5.43,1640,,,,,,,,,,,
11/15/2023,SOFR,5.32,5.27,5.3,5.39,5.43,1605,,,,,,,,,,,
11/14/2023,SOFR,5.32,5.27,5.3,5.39,5.43,1533,,,,,,,,,,,
11/13/2023,SOFR,5.32,5.27,5.3,5.39,5.43,1494,,,,,,,,,,,
11/10/2023,SOFR,5.32,5.27,5.3,5.38,5.46,1469,,,,,,,,,,,
11/9/2023,SOFR,5.32,5.27,5.3,5.38,5.43,1526,,,,,,,,,,,
11/8/2023,SOFR,5.32,5.27,5.3,5.38,5.42,1470,,,,,,,,,,,
11/7/2023,SOFR,5.32,5.27,5.3,5.38,5.42,1546,,,,,,,,,,,
11/6/2023,SOFR,5.32,5.27,5.3,5.38,5.43,1559,,,,,,,,,,,
11/3/2023,SOFR,5.32,5.28,5.3,5.39,5.44,1579,,,,,,,,,,,
11/2/2023,SOFR,5.33,5.28,5.31,5.4,5.44,1640,,,,,,,,,,,
11/1/2023,SOFR,5.32,5.27,5.31,5.4,5.44,1621,,,,,,,,,,,
10/31/2023,SOFR,5.35,5.26,5.3,5.4,5.45,1582,,,,,,,,,,,
10/30/2023,SOFR,5.31,5.26,5.3,5.35,5.4,1470,,,,,,,,,,,
10/27/2023,SOFR,5.31,5.26,5.3,5.36,5.4,1496,,,,,,,,,,,
10/26/2023,SOFR,5.31,5.27,5.3,5.36,5.4,1506,,,,,,,,,,,
10/25/2023,SOFR,5.3,5.26,5.3,5.34,5.39,1439,,,,,,,,,,,
10/24/2023,SOFR,5.3,5.25,5.3,5.33,5.38,1387,,,,,,,,,,,
10/23/2023,SOFR,5.3,5.25,5.29,5.31,5.37,1330,,,,,,,,,,,
10/20/2023,SOFR,5.3,5.25,5.3,5.33,5.37,1396,,,,,,,,,,,
10/19/2023,SOFR,5.3,5.25,5.3,5.33,5.38,1398,,,,,,,,,,,
10/18/2023,SOFR,5.3,5.25,5.3,5.34,5.4,1396,,,,,,,,,,,
10/17/2023,SOFR,5.31,5.26,5.3,5.37,5.42,1427,,,,,,,,,,,
10/16/2023,SOFR,5.31,5.26,5.3,5.39,5.43,1450,,,,,,,,,,,
10/13/2023,SOFR,5.31,5.26,5.3,5.38,5.43,1383,,,,,,,,,,,
10/12/2023,SOFR,5.31,5.26,5.3,5.39,5.43,1467,,,,,,,,,,,
10/11/2023,SOFR,5.31,5.26,5.3,5.39,5.43,1465,,,,,,,,,,,
10/10/2023,SOFR,5.31,5.26,5.3,5.39,5.43,1522,,,,,,,,,,,
10/6/2023,SOFR,5.31,5.26,5.3,5.38,5.42,1404,,,,,,,,,,,
10/5/2023,SOFR,5.32,5.26,5.3,5.38,5.42,1520,,,,,,,,,,,
10/4/2023,SOFR,5.32,5.27,5.3,5.38,5.43,1436,,,,,,,,,,,
10/3/2023,SOFR,5.33,5.28,5.31,5.4,5.44,1498,,,,,,,,,,,
10/2/2023,SOFR,5.32,5.27,5.3,5.4,5.43,1513,,,,,,,,,,,
9/29/2023,SOFR,5.31,5.25,5.3,5.37,5.42,1537,,,,,,,,,,,
9/28/2023,SOFR,5.31,5.26,5.3,5.38,5.43,1535,,,,,,,,,,,
9/27/2023,SOFR,5.32,5.27,5.3,5.39,5.43,1388,,,,,,,,,,,
9/26/2023,SOFR,5.31,5.27,5.3,5.39,5.43,1561,,,,,,,,,,,
9/25/2023,SOFR,5.31,5.25,5.3,5.36,5.41,1524,,,,,,,,,,,
9/22/2023,SOFR,5.3,5.25,5.3,5.35,5.39,1511,,,,,,,,,,,
9/21/2023,SOFR,5.3,5.25,5.3,5.35,5.39,1522,,,,,,,,,,,
9/20/2023,SOFR,5.3,5.25,5.3,5.34,5.39,1492,,,,,,,,,,,
9/19/2023,SOFR,5.31,5.25,5.3,5.36,5.4,1562,,,,,,,,,,,
9/18/2023,SOFR,5.31,5.26,5.3,5.37,5.41,1565,,,,,,,,,,,
9/15/2023,SOFR,5.31,5.25,5.3,5.36,5.4,1586,,,,,,,,,,,
9/14/2023,SOFR,5.3,5.25,5.3,5.35,5.39,1436,,,,,,,,,,,
9/13/2023,SOFR,5.3,5.25,5.3,5.35,5.39,1385,,,,,,,,,,,
9/12/2023,SOFR,5.3,5.25,5.3,5.35,5.39,1448,,,,,,,,,,,
9/11/2023,SOFR,5.3,5.25,5.3,5.35,5.39,1378,,,,,,,,,,,
9/8/2023,SOFR,5.3,5.25,5.3,5.35,5.39,1420,,,,,,,,,,,
9/7/2023,SOFR,5.31,5.25,5.3,5.35,5.4,1479,,,,,,,,,,,
9/6/2023,SOFR,5.3,5.25,5.3,5.35,5.39,1391,,,,,,,,,,,
9/5/2023,SOFR,5.31,5.25,5.3,5.36,5.4,1472,,,,,,,,,,,
9/1/2023,SOFR,5.31,5.25,5.3,5.36,5.4,1458,,,,,,,,,,,
8/31/2023,SOFR,5.31,5.25,5.3,5.36,5.4,1549,,,,,,,,,,,
8/30/2023,SOFR,5.3,5.25,5.3,5.34,5.4,1311,,,,,,,,,,,
8/29/2023,SOFR,5.3,5.25,5.3,5.35,5.4,1314,,,,,,,,,,,
8/28/2023,SOFR,5.3,5.25,5.3,5.35,5.39,1384,,,,,,,,,,,
8/25/2023,SOFR,5.3,5.25,5.3,5.35,5.39,1344,,,,,,,,,,,
8/24/2023,SOFR,5.3,5.25,5.29,5.34,5.38,1344,,,,,,,,,,,
8/23/2023,SOFR,5.3,5.24,5.28,5.33,5.37,1270,,,,,,,,,,,
8/22/2023,SOFR,5.3,5.23,5.27,5.32,5.37,1307,,,,,,,,,,,
8/21/2023,SOFR,5.3,5.23,5.27,5.31,5.36,1322,,,,,,,,,,,
8/18/2023,SOFR,5.3,5.24,5.28,5.31,5.37,1314,,,,,,,,,,,
8/17/2023,SOFR,5.3,5.25,5.29,5.33,5.38,1343,,,,,,,,,,,
8/16/2023,SOFR,5.3,5.25,5.29,5.34,5.39,1391,,,,,,,,,,,
8/15/2023,SOFR,5.3,5.25,5.3,5.35,5.4,1413,,,,,,,,,,,
8/14/2023,SOFR,5.3,5.25,5.29,5.34,5.39,1333,,,,,,,,,,,
8/11/2023,SOFR,5.3,5.25,5.29,5.34,5.39,1347,,,,,,,,,,,
8/10/2023,SOFR,5.3,5.25,5.3,5.34,5.38,1360,,,,,,,,,,,
8/9/2023,SOFR,5.3,5.24,5.28,5.32,5.38,1322,,,,,,,,,,,
8/8/2023,SOFR,5.3,5.23,5.28,5.31,5.38,1340,,,,,,,,,,,
8/7/2023,SOFR,5.3,5.23,5.28,5.31,5.38,1349,,,,,,,,,,,
8/4/2023,SOFR,5.3,5.23,5.29,5.32,5.38,1369,,,,,,,,,,,
8/3/2023,SOFR,5.3,5.24,5.29,5.34,5.39,1413,,,,,,,,,,,
8/2/2023,SOFR,5.3,5.25,5.3,5.34,5.39,1416,,,,,,,,,,,
8/1/2023,SOFR,5.31,5.25,5.3,5.35,5.4,1495,,,,,,,,,,,
7/31/2023,SOFR,5.31,5.25,5.3,5.36,5.41,1551,,,,,,,,,,,
7/28/2023,SOFR,5.3,5.25,5.3,5.36,5.41,1419,,,,,,,,,,,
7/27/2023,SOFR,5.31,5.07,5.3,5.37,5.42,1501,,,,,,,,,,,
7/26/2023,SOFR,5.06,5,5.05,5.11,5.16,1452,,,,,,,,,,,
7/25/2023,SOFR,5.06,5,5.05,5.1,5.15,1470,,,,,,,,,,,
7/24/2023,SOFR,5.05,5,5.05,5.09,5.13,1365,,,,,,,,,,,
7/21/2023,SOFR,5.05,5,5.05,5.09,5.14,1400,,,,,,,,,,,
7/20/2023,SOFR,5.06,5,5.05,5.1,5.14,1460,,,,,,,,,,,
7/19/2023,SOFR,5.05,5,5.05,5.1,5.14,1456,,,,,,,,,,,
7/18/2023,SOFR,5.06,5,5.05,5.1,5.15,1482,,,,,,,,,,,
7/17/2023,SOFR,5.06,5,5.05,5.11,5.15,1524,,,,,,,,,,,
7/14/2023,SOFR,5.05,5,5.05,5.1,5.15,1448,,,,,,,,,,,
7/13/2023,SOFR,5.06,5,5.05,5.09,5.14,1445,,,,,,,,,,,
7/12/2023,SOFR,5.05,5,5.05,5.09,5.15,1361,,,,,,,,,,,
7/11/2023,SOFR,5.06,5,5.05,5.11,5.15,1439,,,,,,,,,,,
7/10/2023,SOFR,5.06,5,5.05,5.12,5.17,1506,,,,,,,,,,,
7/7/2023,SOFR,5.06,5,5.05,5.13,5.17,1547,,,,,,,,,,,
7/6/2023,SOFR,5.06,5,5.05,5.13,5.18,1573,,,,,,,,,,,
7/5/2023,SOFR,5.06,5,5.05,5.13,5.17,1589,,,,,,,,,,,
7/3/2023,SOFR,5.06,5,5.05,5.14,5.18,1579,,,,,,,,,,,
6/30/2023,SOFR,5.09,4.95,5.05,5.16,5.22,1549,,,,,,,,,,,
6/29/2023,SOFR,5.06,5,5.05,5.14,5.19,1542,,,,,,,,,,,
6/28/2023,SOFR,5.06,5,5.05,5.13,5.18,1499,,,,,,,,,,,
6/27/2023,SOFR,5.05,5,5.05,5.12,5.16,1481,,,,,,,,,,,
6/26/2023,SOFR,5.05,5,5.05,5.11,5.15,1429,,,,,,,,,,,
6/23/2023,SOFR,5.05,5,5.05,5.11,5.15,1389,,,,,,,,,,,
6/22/2023,SOFR,5.05,5,5.05,5.1,5.14,1354,,,,,,,,,,,
6/21/2023,SOFR,5.05,5,5.04,5.1,5.14,1387,,,,,,,,,,,
6/20/2023,SOFR,5.05,4.98,5.05,5.1,5.14,1427,,,,,,,,,,,
6/16/2023,SOFR,5.05,5,5.05,5.11,5.15,1405,,,,,,,,,,,
6/15/2023,SOFR,5.06,5,5.05,5.12,5.17,1527,,,,,,,,,,,
6/14/2023,SOFR,5.05,4.99,5.03,5.09,5.14,1397,,,,,,,,,,,
6/13/2023,SOFR,5.05,4.98,5.04,5.09,5.14,1375,,,,,,,,,,,
6/12/2023,SOFR,5.05,4.97,5.03,5.08,5.13,1399,,,,,,,,,,,
6/9/2023,SOFR,5.05,4.99,5.03,5.09,5.13,1392,,,,,,,,,,,
6/8/2023,SOFR,5.05,4.99,5.03,5.09,5.14,1402,,,,,,,,,,,
6/7/2023,SOFR,5.05,4.99,5.03,5.09,5.15,1429,,,,,,,,,,,
6/6/2023,SOFR,5.05,5,5.04,5.1,5.15,1414,,,,,,,,,,,
6/5/2023,SOFR,5.06,5,5.05,5.13,5.18,1472,,,,,,,,,,,
6/2/2023,SOFR,5.07,5,5.05,5.17,5.23,1475,,,,,,,,,,,
6/1/2023,SOFR,5.08,5,5.06,5.19,5.24,1627,,,,,,,,,,,
5/31/2023,SOFR,5.08,5,5.05,5.17,5.21,1623,,,,,,,,,,,
5/30/2023,SOFR,5.06,4.99,5.05,5.13,5.19,1530,,,,,,,,,,,
5/26/2023,SOFR,5.06,5,5.05,5.15,5.22,1476,,,,,,,,,,,
5/25/2023,SOFR,5.06,5,5.05,5.15,5.21,1537,,,,,,,,,,,
5/24/2023,SOFR,5.05,4.99,5.05,5.11,5.15,1401,,,,,,,,,,,
5/23/2023,SOFR,5.05,4.98,5.04,5.1,5.14,1383,,,,,,,,,,,
5/22/2023,SOFR,5.05,4.97,5.03,5.09,5.13,1434,,,,,,,,,,,
5/19/2023,SOFR,5.05,4.97,5.04,5.09,5.14,1363,,,,,,,,,,,
5/18/2023,SOFR,5.05,4.97,5.05,5.1,5.15,1401,,,,,,,,,,,
5/17/2023,SOFR,5.05,4.98,5.05,5.1,5.15,1401,,,,,,,,,,,
5/16/2023,SOFR,5.05,4.99,5.05,5.11,5.15,1466,,,,,,,,,,,
5/15/2023,SOFR,5.06,4.99,5.05,5.11,5.15,1497,,,,,,,,,,,
5/12/2023,SOFR,5.05,4.98,5.04,5.09,5.14,1352,,,,,,,,,,,
5/11/2023,SOFR,5.05,4.98,5.04,5.09,5.13,1372,,,,,,,,,,,
5/10/2023,SOFR,5.06,4.98,5.05,5.11,5.17,1410,,,,,,,,,,,
5/9/2023,SOFR,5.06,5,5.05,5.12,5.17,1482,,,,,,,,,,,
5/8/2023,SOFR,5.06,4.99,5.05,5.12,5.17,1497,,,,,,,,,,,
5/5/2023,SOFR,5.06,5,5.05,5.13,5.18,1517,,,,,,,,,,,
5/4/2023,SOFR,5.06,4.82,5.05,5.13,5.17,1590,,,,,,,,,,,
5/3/2023,SOFR,4.81,4.75,4.8,4.87,4.92,1544,,,,,,,,,,,
5/2/2023,SOFR,4.81,4.75,4.8,4.87,4.91,1537,,,,,,,,,,,
5/1/2023,SOFR,4.81,4.75,4.8,4.87,4.91,1577,,,,,,,,,,,
4/28/2023,SOFR,4.81,4.75,4.8,4.87,4.92,1378,,,,,,,,,,,
4/27/2023,SOFR,4.81,4.74,4.8,4.86,4.9,1337,,,,,,,,,,,
4/26/2023,SOFR,4.8,4.74,4.79,4.85,4.89,1345,,,,,,,,,,,
4/25/2023,SOFR,4.8,4.74,4.79,4.85,4.89,1329,,,,,,,,,,,
4/24/2023,SOFR,4.8,4.73,4.78,4.84,4.88,1298,,,,,,,,,,,
4/21/2023,SOFR,4.8,4.72,4.77,4.83,4.87,1324,,,,,,,,,,,
4/20/2023,SOFR,4.8,4.72,4.77,4.81,4.87,1281,,,,,,,,,,,
4/19/2023,SOFR,4.8,4.73,4.78,4.83,4.88,1307,,,,,,,,,,,
4/18/2023,SOFR,4.8,4.74,4.79,4.85,4.9,1364,,,,,,,,,,,
4/17/2023,SOFR,4.8,4.74,4.79,4.85,4.89,1406,,,,,,,,,,,
4/14/2023,SOFR,4.8,4.74,4.79,4.84,4.88,1312,,,,,,,,,,,
4/13/2023,SOFR,4.8,4.74,4.78,4.83,4.92,1378,,,,,,,,,,,
4/12/2023,SOFR,4.8,4.74,4.78,4.83,4.88,1358,,,,,,,,,,,
4/11/2023,SOFR,4.8,4.75,4.8,4.85,4.9,1365,,,,,,,,,,,
4/10/2023,SOFR,4.81,4.6,4.8,4.86,4.91,1366,,,,,,,,,,,
4/6/2023,SOFR,4.81,4.75,4.8,4.87,4.91,1431,,,,,,,,,,,
4/5/2023,SOFR,4.81,4.75,4.8,4.88,4.93,1427,,,,,,,,,,,
4/4/2023,SOFR,4.83,4.75,4.8,4.9,4.95,1427,,,,,,,,,,,
4/3/2023,SOFR,4.84,4.75,4.8,4.9,4.97,1477,,,,,,,,,,,
3/31/2023,SOFR,4.87,4.75,4.8,4.93,5,1408,,,,,,,,,,,
3/30/2023,SOFR,4.82,4.75,4.8,4.89,4.93,1319,,,,,,,,,,,
3/29/2023,SOFR,4.83,4.75,4.8,4.89,4.95,1287,,,,,,,,,,,
3/28/2023,SOFR,4.84,4.75,4.8,4.92,4.97,1345,,,,,,,,,,,
3/27/2023,SOFR,4.81,4.75,4.8,4.88,4.95,1365,,,,,,,,,,,
3/24/2023,SOFR,4.8,4.75,4.8,4.86,4.9,1290,,,,,,,,,,,
3/23/2023,SOFR,4.8,4.56,4.79,4.84,4.88,1355,,,,,,,,,,,
3/22/2023,SOFR,4.55,4.5,4.54,4.58,4.63,1203,,,,,,,,,,,
3/21/2023,SOFR,4.55,4.48,4.53,4.58,4.63,1247,,,,,,,,,,,
3/20/2023,SOFR,4.55,4.45,4.54,4.58,4.63,1288,,,,,,,,,,,
3/17/2023,SOFR,4.55,4.47,4.55,4.59,4.64,1265,,,,,,,,,,,
3/16/2023,SOFR,4.57,4.49,4.55,4.62,4.69,1272,,,,,,,,,,,
3/15/2023,SOFR,4.58,4.45,4.56,4.66,4.72,1252,,,,,,,,,,,
3/14/2023,SOFR,4.55,4.4,4.53,4.6,4.69,1203,,,,,,,,,,,
3/13/2023,SOFR,4.55,4.46,4.52,4.58,4.63,1148,,,,,,,,,,,
3/10/2023,SOFR,4.55,4.46,4.52,4.57,4.61,1088,,,,,,,,,,,
3/9/2023,SOFR,4.55,4.48,4.52,4.56,4.62,1120,,,,,,,,,,,
3/8/2023,SOFR,4.55,4.48,4.52,4.57,4.62,1096,,,,,,,,,,,
3/7/2023,SOFR,4.55,4.48,4.52,4.56,4.61,1151,,,,,,,,,,,
3/6/2023,SOFR,4.55,4.47,4.52,4.56,4.62,1129,,,,,,,,,,,
3/3/2023,SOFR,4.55,4.47,4.52,4.57,4.62,1120,,,,,,,,,,,
3/2/2023,SOFR,4.55,4.48,4.52,4.58,4.64,1150,,,,,,,,,,,
3/1/2023,SOFR,4.55,4.46,4.52,4.58,4.63,1172,,,,,,,,,,,
2/28/2023,SOFR,4.55,4.35,4.53,4.59,4.64,1230,,,,,,,,,,,
2/27/2023,SOFR,4.55,4.45,4.52,4.57,4.62,1145,,,,,,,,,,,
2/24/2023,SOFR,4.55,4.45,4.52,4.56,4.61,1122,,,,,,,,,,,
2/23/2023,SOFR,4.55,4.45,4.52,4.56,4.61,1137,,,,,,,,,,,
2/22/2023,SOFR,4.55,4.47,4.52,4.57,4.62,1129,,,,,,,,,,,
2/21/2023,SOFR,4.55,4.46,4.53,4.57,4.62,1164,,,,,,,,,,,
2/17/2023,SOFR,4.55,4.47,4.53,4.58,4.64,1209,,,,,,,,,,,
2/16/2023,SOFR,4.55,4.48,4.54,4.6,4.64,1244,,,,,,,,,,,
2/15/2023,SOFR,4.55,4.48,4.54,4.6,4.64,1239,,,,,,,,,,,
2/14/2023,SOFR,4.55,4.47,4.53,4.59,4.63,1216,,,,,,,,,,,
2/13/2023,SOFR,4.55,4.48,4.53,4.58,4.63,1153,,,,,,,,,,,
2/10/2023,SOFR,4.55,4.47,4.53,4.58,4.63,1186,,,,,,,,,,,
2/9/2023,SOFR,4.55,4.48,4.53,4.59,4.64,1212,,,,,,,,,,,
2/8/2023,SOFR,4.55,4.47,4.53,4.58,4.63,1184,,,,,,,,,,,
2/7/2023,SOFR,4.55,4.48,4.53,4.58,4.63,1208,,,,,,,,,,,
2/6/2023,SOFR,4.55,4.47,4.53,4.58,4.62,1209,,,,,,,,,,,
2/3/2023,SOFR,4.55,4.48,4.53,4.58,4.63,1216,,,,,,,,,,,
2/2/2023,SOFR,4.56,4.32,4.54,4.6,4.64,1290,,,,,,,,,,,
2/1/2023,SOFR,4.31,4.23,4.3,4.35,4.4,1199,,,,,,,,,,,
1/31/2023,SOFR,4.31,4.23,4.3,4.36,4.41,1281,,,,,,,,,,,
1/30/2023,SOFR,4.3,4.22,4.28,4.33,4.4,1158,,,,,,,,,,,
1/27/2023,SOFR,4.3,4.23,4.29,4.33,4.38,1165,,,,,,,,,,,
1/26/2023,SOFR,4.3,4.23,4.29,4.34,4.39,1165,,,,,,,,,,,
1/25/2023,SOFR,4.31,4.23,4.29,4.34,4.38,1157,,,,,,,,,,,
1/24/2023,SOFR,4.3,4.23,4.29,4.34,4.39,1163,,,,,,,,,,,
1/23/2023,SOFR,4.3,4.22,4.27,4.31,4.37,1150,,,,,,,,,,,
1/20/2023,SOFR,4.3,4.22,4.28,4.33,4.39,1169,,,,,,,,,,,
1/19/2023,SOFR,4.31,4.23,4.29,4.34,4.4,1231,,,,,,,,,,,
1/18/2023,SOFR,4.3,4.22,4.29,4.34,4.4,1193,,,,,,,,,,,
1/17/2023,SOFR,4.31,4.23,4.3,4.37,4.43,1248,,,,,,,,,,,
1/13/2023,SOFR,4.3,4.22,4.28,4.33,4.41,1101,,,,,,,,,,,
1/12/2023,SOFR,4.3,4.22,4.29,4.34,4.41,1108,,,,,,,,,,,
1/11/2023,SOFR,4.3,4.23,4.28,4.34,4.41,1142,,,,,,,,,,,
1/10/2023,SOFR,4.31,4.23,4.29,4.34,4.41,1124,,,,,,,,,,,
1/9/2023,SOFR,4.31,4.23,4.29,4.34,4.45,1127,,,,,,,,,,,
1/6/2023,SOFR,4.31,4.22,4.29,4.35,4.45,1118,,,,,,,,,,,
1/5/2023,SOFR,4.31,4.23,4.29,4.35,4.45,1134,,,,,,,,,,,
1/4/2023,SOFR,4.3,4.22,4.28,4.35,4.44,1136,,,,,,,,,,,
1/3/2023,SOFR,4.31,4.22,4.28,4.35,4.44,1257,,,,,,,,,,,
12/30/2022,SOFR,4.3,4.2,4.26,4.33,4.48,1004,,,,,,,,,,,
12/29/2022,SOFR,4.3,4.2,4.26,4.32,4.45,1037,,,,,,,,,,,
12/28/2022,SOFR,4.3,4.21,4.27,4.32,4.45,1005,,,,,,,,,,,
12/27/2022,SOFR,4.3,4.15,4.27,4.32,4.4,1048,,,,,,,,,,,
12/23/2022,SOFR,4.3,4.21,4.26,4.31,4.38,991,,,,,,,,,,,
12/22/2022,SOFR,4.3,4.2,4.26,4.31,4.44,1013,,,,,,,,,,,
12/21/2022,SOFR,4.3,4.2,4.26,4.3,4.44,1031,,,,,,,,,,,
12/20/2022,SOFR,4.3,4.2,4.27,4.32,4.44,1048,,,,,,,,,,,
12/19/2022,SOFR,4.3,4.22,4.28,4.34,4.42,1087,,,,,,,,,,,
12/16/2022,SOFR,4.32,4.23,4.3,4.36,4.45,1091,,,,,,,,,,,
12/15/2022,SOFR,4.32,4.2,4.3,4.37,4.45,1144,,,,,,,,,,,
12/14/2022,SOFR,3.8,3.72,3.77,3.84,3.92,1045,,,,,,,,,,,
12/13/2022,SOFR,3.8,3.72,3.77,3.83,3.92,1051,,,,,,,,,,,
12/12/2022,SOFR,3.8,3.72,3.77,3.83,3.91,1042,,,,,,,,,,,
12/9/2022,SOFR,3.8,3.71,3.77,3.83,3.91,1058,,,,,,,,,,,
12/8/2022,SOFR,3.8,3.72,3.77,3.81,3.91,1087,,,,,,,,,,,
12/7/2022,SOFR,3.8,3.72,3.76,3.81,3.91,1088,,,,,,,,,,,
12/6/2022,SOFR,3.8,3.72,3.78,3.84,3.93,1088,,,,,,,,,,,
12/5/2022,SOFR,3.81,3.72,3.79,3.85,3.94,1096,,,,,,,,,,,
12/2/2022,SOFR,3.81,3.72,3.8,3.86,3.94,1132,,,,,,,,,,,
12/1/2022,SOFR,3.82,3.73,3.8,3.86,3.92,1174,,,,,,,,,,,
11/30/2022,SOFR,3.82,3.71,3.8,3.87,3.94,1113,,,,,,,,,,,
11/29/2022,SOFR,3.81,3.72,3.78,3.85,3.95,1026,,,,,,,,,,,
11/28/2022,SOFR,3.8,3.71,3.77,3.84,3.9,1058,,,,,,,,,,,
11/25/2022,SOFR,3.8,3.71,3.77,3.82,3.93,1003,,,,,,,,,,,
11/23/2022,SOFR,3.79,3.7,3.76,3.81,3.95,984,,,,,,,,,,,
11/22/2022,SOFR,3.8,3.71,3.76,3.82,3.95,1038,,,,,,,,,,,
11/21/2022,SOFR,3.8,3.7,3.76,3.82,3.89,1015,,,,,,,,,,,
11/18/2022,SOFR,3.8,3.71,3.77,3.83,3.92,1037,,,,,,,,,,,
11/17/2022,SOFR,3.8,3.71,3.78,3.84,3.9,1075,,,,,,,,,,,
11/16/2022,SOFR,3.81,3.72,3.78,3.85,3.92,1096,,,,,,,,,,,
11/15/2022,SOFR,3.8,3.7,3.78,3.85,3.95,1149,,,,,,,,,,,
11/14/2022,SOFR,3.79,3.7,3.75,3.81,3.95,1041,,,,,,,,,,,
11/10/2022,SOFR,3.78,3.7,3.75,3.8,3.95,987,,,,,,,,,,,
11/9/2022,SOFR,3.78,3.7,3.75,3.8,3.95,969,,,,,,,,,,,
11/8/2022,SOFR,3.78,3.69,3.75,3.8,3.95,978,,,,,,,,,,,
11/7/2022,SOFR,3.78,3.7,3.75,3.81,3.95,981,,,,,,,,,,,
11/4/2022,SOFR,3.8,3.7,3.76,3.82,3.95,1014,,,,,,,,,,,
11/3/2022,SOFR,3.8,3.25,3.76,3.83,3.89,1074,,,,,,,,,,,
11/2/2022,SOFR,3.05,2.95,3.01,3.08,3.2,1021,,,,,,,,,,,
11/1/2022,SOFR,3.05,2.95,3.01,3.08,3.13,1079,,,,,,,,,,,
10/31/2022,SOFR,3.05,2.93,3.01,3.07,3.2,1075,,,,,,,,,,,
10/28/2022,SOFR,3.05,2.95,3,3.06,3.2,951,,,,,,,,,,,
10/27/2022,SOFR,3.04,2.94,3,3.06,3.2,973,,,,,,,,,,,
10/26/2022,SOFR,3.03,2.95,3,3.05,3.2,972,,,,,,,,,,,
10/25/2022,SOFR,3.02,2.93,3,3.05,3.2,961,,,,,,,,,,,
10/24/2022,SOFR,3.01,2.93,2.99,3.04,3.2,962,,,,,,,,,,,
10/21/2022,SOFR,3.02,2.93,2.99,3.04,3.2,955,,,,,,,,,,,
10/20/2022,SOFR,3.03,2.93,3,3.05,3.2,963,,,,,,,,,,,
10/19/2022,SOFR,3.04,2.94,3,3.05,3.2,919,,,,,,,,,,,
10/18/2022,SOFR,3.04,2.95,3,3.06,3.2,967,,,,,,,,,,,
10/17/2022,SOFR,3.05,2.95,3,3.06,3.2,979,,,,,,,,,,,
10/14/2022,SOFR,3.04,2.95,3,3.05,3.2,958,,,,,,,,,,,
10/13/2022,SOFR,3.04,2.95,3,3.06,3.2,1000,,,,,,,,,,,
10/12/2022,SOFR,3.04,2.95,3,3.06,3.2,972,,,,,,,,,,,
10/11/2022,SOFR,3.05,2.95,3,3.07,3.2,993,,,,,,,,,,,
10/7/2022,SOFR,3.05,2.95,3,3.06,3.2,968,,,,,,,,,,,
10/6/2022,SOFR,3.05,2.95,3,3.07,3.2,985,,,,,,,,,,,
10/5/2022,SOFR,3.04,2.95,3,3.06,3.2,992,,,,,,,,,,,
10/4/2022,SOFR,3.04,2.95,3,3.06,3.2,996,,,,,,,,,,,
10/3/2022,SOFR,3,2.93,2.97,3.05,3.2,1009,,,,,,,,,,,
9/30/2022,SOFR,2.98,2.88,2.95,3.03,3.2,956,,,,,,,,,,,
9/29/2022,SOFR,2.96,2.88,2.94,2.99,3.2,906,,,,,,,,,,,
9/28/2022,SOFR,2.98,2.88,2.95,3,3.2,911,,,,,,,,,,,
9/27/2022,SOFR,2.98,2.83,2.96,3,3.2,949,,,,,,,,,,,
9/26/2022,SOFR,2.99,2.8,2.96,3,3.2,976,,,,,,,,,,,
9/23/2022,SOFR,2.99,2.9,2.97,3.01,3.2,968,,,,,,,,,,,
9/22/2022,SOFR,2.99,2.26,2.97,3.01,3.13,1023,,,,,,,,,,,
9/21/2022,SOFR,2.25,2.12,2.23,2.27,2.45,951,,,,,,,,,,,
9/20/2022,SOFR,2.26,2.05,2.24,2.28,2.45,967,,,,,,,,,,,
9/19/2022,SOFR,2.27,2.15,2.25,2.3,2.45,948,,,,,,,,,,,
9/16/2022,SOFR,2.27,2.1,2.25,2.3,2.45,952,,,,,,,,,,,
9/15/2022,SOFR,2.28,2.18,2.26,2.3,2.45,981,,,,,,,,,,,
9/14/2022,SOFR,2.27,2.2,2.25,2.3,2.45,951,,,,,,,,,,,
9/13/2022,SOFR,2.28,2.18,2.26,2.3,2.45,957,,,,,,,,,,,
9/12/2022,SOFR,2.28,2.2,2.26,2.3,2.45,980,,,,,,,,,,,
9/9/2022,SOFR,2.28,2.2,2.26,2.3,2.45,958,,,,,,,,,,,
9/8/2022,SOFR,2.28,2.18,2.26,2.3,2.45,981,,,,,,,,,,,
9/7/2022,SOFR,2.28,2.19,2.26,2.3,2.45,958,,,,,,,,,,,
9/6/2022,SOFR,2.29,2.18,2.26,2.3,2.45,989,,,,,,,,,,,
9/2/2022,SOFR,2.29,2.19,2.26,2.31,2.45,965,,,,,,,,,,,
9/1/2022,SOFR,2.29,2.2,2.26,2.31,2.45,979,,,,,,,,,,,
8/31/2022,SOFR,2.29,2.15,2.26,2.31,2.45,1024,,,,,,,,,,,
8/30/2022,SOFR,2.29,2.2,2.26,2.3,2.45,948,,,,,,,,,,,
8/29/2022,SOFR,2.28,2.19,2.25,2.3,2.45,963,,,,,,,,,,,
8/26/2022,SOFR,2.28,2.2,2.25,2.3,2.45,953,,,,,,,,,,,
8/25/2022,SOFR,2.28,2.2,2.25,2.3,2.45,970,,,,,,,,,,,
8/24/2022,SOFR,2.27,2.18,2.25,2.3,2.45,969,,,,,,,,,,,
8/23/2022,SOFR,2.27,2.18,2.25,2.3,2.45,952,,,,,,,,,,,
8/22/2022,SOFR,2.28,2.15,2.25,2.3,2.37,994,,,,,,,,,,,
8/19/2022,SOFR,2.28,2.18,2.26,2.3,2.45,960,,,,,,,,,,,
8/18/2022,SOFR,2.28,2.18,2.26,2.3,2.45,973,,,,,,,,,,,
8/17/2022,SOFR,2.29,2.19,2.26,2.3,2.45,966,,,,,,,,,,,
8/16/2022,SOFR,2.29,2.2,2.26,2.31,2.45,974,,,,,,,,,,,
8/15/2022,SOFR,2.29,2.19,2.26,2.31,2.45,1014,,,,,,,,,,,
8/12/2022,SOFR,2.28,2.19,2.26,2.3,2.45,966,,,,,,,,,,,
8/11/2022,SOFR,2.28,2.18,2.26,2.3,2.45,965,,,,,,,,,,,
8/10/2022,SOFR,2.28,2.19,2.26,2.3,2.45,970,,,,,,,,,,,
8/9/2022,SOFR,2.29,2.2,2.26,2.3,2.45,947,,,,,,,,,,,
8/8/2022,SOFR,2.28,2.19,2.26,2.3,2.45,950,,,,,,,,,,,
8/5/2022,SOFR,2.28,2.19,2.26,2.3,2.45,965,,,,,,,,,,,
8/4/2022,SOFR,2.29,2.2,2.26,2.3,2.45,981,,,,,,,,,,,
8/3/2022,SOFR,2.29,2.18,2.26,2.31,2.45,984,,,,,,,,,,,
8/2/2022,SOFR,2.3,2.2,2.27,2.32,2.37,1015,,,,,,,,,,,
8/1/2022,SOFR,2.28,2.18,2.25,2.3,2.38,1035,,,,,,,,,,,
7/29/2022,SOFR,2.27,2.19,2.25,2.29,2.45,949,,,,,,,,,,,
7/28/2022,SOFR,2.28,1.55,2.25,2.3,2.45,965,,,,,,,,,,,
7/27/2022,SOFR,1.53,1.4,1.5,1.55,1.7,941,,,,,,,,,,,
7/26/2022,SOFR,1.53,1.45,1.5,1.55,1.7,951,,,,,,,,,,,
7/25/2022,SOFR,1.53,1.41,1.5,1.55,1.7,985,,,,,,,,,,,
7/22/2022,SOFR,1.52,1.45,1.5,1.54,1.7,931,,,,,,,,,,,
7/21/2022,SOFR,1.53,1.2,1.5,1.55,1.7,960,,,,,,,,,,,
7/20/2022,SOFR,1.53,1.43,1.5,1.55,1.7,916,,,,,,,,,,,
7/19/2022,SOFR,1.54,1.45,1.51,1.55,1.7,933,,,,,,,,,,,
7/18/2022,SOFR,1.54,1.45,1.51,1.55,1.7,947,,,,,,,,,,,
7/15/2022,SOFR,1.54,1.45,1.51,1.55,1.7,950,,,,,,,,,,,
7/14/2022,SOFR,1.53,1.45,1.5,1.55,1.7,934,,,,,,,,,,,
7/13/2022,SOFR,1.53,1.44,1.5,1.55,1.7,924,,,,,,,,,,,
7/12/2022,SOFR,1.54,1.45,1.5,1.55,1.7,941,,,,,,,,,,,
7/11/2022,SOFR,1.53,1.44,1.5,1.55,1.7,930,,,,,,,,,,,
7/8/2022,SOFR,1.53,1,1.5,1.55,1.7,942,,,,,,,,,,,
7/7/2022,SOFR,1.54,1.45,1.5,1.55,1.7,966,,,,,,,,,,,
7/6/2022,SOFR,1.54,1.45,1.5,1.55,1.7,966,,,,,,,,,,,
7/5/2022,SOFR,1.54,1.4,1.5,1.55,1.65,1042,,,,,,,,,,,
7/1/2022,SOFR,1.52,1.43,1.48,1.55,1.7,1001,,,,,,,,,,,
6/30/2022,SOFR,1.5,0.75,1.47,1.53,1.62,995,,,,,,,,,,,
6/29/2022,SOFR,1.51,1.42,1.48,1.54,1.7,940,,,,,,,,,,,
6/28/2022,SOFR,1.52,1.42,1.48,1.55,1.7,929,,,,,,,,,,,
6/27/2022,SOFR,1.5,1.4,1.47,1.54,1.7,945,,,,,,,,,,,
6/24/2022,SOFR,1.46,1.38,1.43,1.5,1.7,926,,,,,,,,,,,
6/23/2022,SOFR,1.44,1.35,1.42,1.48,1.7,944,,,,,,,,,,,
6/22/2022,SOFR,1.45,1.37,1.43,1.49,1.7,942,,,,,,,,,,,
6/21/2022,SOFR,1.45,1,1.43,1.48,1.7,957,,,,,,,,,,,
6/17/2022,SOFR,1.45,1.38,1.43,1.49,1.7,923,,,,,,,,,,,
6/16/2022,SOFR,1.45,1,1.42,1.49,1.7,976,,,,,,,,,,,
6/15/2022,SOFR,0.7,0.63,0.68,0.75,0.95,917,,,,,,,,,,,
6/14/2022,SOFR,0.69,0.6,0.67,0.75,0.95,925,,,,,,,,,,,
6/13/2022,SOFR,0.73,0.65,0.71,0.78,0.95,970,,,,,,,,,,,
6/10/2022,SOFR,0.75,0.6,0.73,0.79,0.95,960,,,,,,,,,,,
6/9/2022,SOFR,0.75,0.65,0.74,0.8,0.95,985,,,,,,,,,,,
6/8/2022,SOFR,0.76,0.7,0.74,0.8,0.95,959,,,,,,,,,,,
6/7/2022,SOFR,0.77,0.7,0.75,0.8,0.95,947,,,,,,,,,,,
6/6/2022,SOFR,0.78,0.72,0.76,0.8,0.95,959,,,,,,,,,,,
6/3/2022,SOFR,0.78,0.73,0.76,0.8,0.95,954,,,,,,,,,,,
6/2/2022,SOFR,0.79,0.7,0.77,0.8,0.95,974,,,,,,,,,,,
6/1/2022,SOFR,0.8,0.73,0.77,0.8,0.95,994,,,,,,,,,,,
5/31/2022,SOFR,0.79,0.71,0.77,0.8,0.87,1040,,,,,,,,,,,
5/27/2022,SOFR,0.78,0.72,0.76,0.8,0.95,963,,,,,,,,,,,
5/26/2022,SOFR,0.78,0.7,0.76,0.8,0.95,955,,,,,,,,,,,
5/25/2022,SOFR,0.78,0.72,0.76,0.8,0.95,942,,,,,,,,,,,
5/24/2022,SOFR,0.78,0.72,0.76,0.8,0.95,968,,,,,,,,,,,
5/23/2022,SOFR,0.78,0.71,0.76,0.8,0.95,984,,,,,,,,,,,
5/20/2022,SOFR,0.78,0.71,0.76,0.8,0.95,943,,,,,,,,,,,
5/19/2022,SOFR,0.79,0.71,0.77,0.8,0.95,982,,,,,,,,,,,
5/18/2022,SOFR,0.79,0.73,0.77,0.8,0.95,939,,,,,,,,,,,
5/17/2022,SOFR,0.8,0.7,0.78,0.81,0.95,977,,,,,,,,,,,
5/16/2022,SOFR,0.8,0.65,0.78,0.81,0.87,1013,,,,,,,,,,,
5/13/2022,SOFR,0.79,0.71,0.77,0.8,0.95,917,,,,,,,,,,,
5/12/2022,SOFR,0.79,0.71,0.77,0.8,0.95,922,,,,,,,,,,,
5/11/2022,SOFR,0.78,0.72,0.76,0.8,0.95,925,,,,,,,,,,,
5/10/2022,SOFR,0.78,0.72,0.76,0.8,0.95,914,,,,,,,,,,,
5/9/2022,SOFR,0.78,0.72,0.76,0.8,0.95,931,,,,,,,,,,,
5/6/2022,SOFR,0.78,0.72,0.76,0.8,0.95,979,,,,,,,,,,,
5/5/2022,SOFR,0.79,0.72,0.77,0.8,0.86,992,,,,,,,,,,,
5/4/2022,SOFR,0.3,0.22,0.27,0.3,0.45,947,,,,,,,,,,,
5/3/2022,SOFR,0.3,0.23,0.28,0.3,0.45,923,,,,,,,,,,,
5/2/2022,SOFR,0.3,0.23,0.27,0.3,0.45,984,,,,,,,,,,,
4/29/2022,SOFR,0.28,0.1,0.26,0.3,0.45,915,,,,,,,,,,,
4/28/2022,SOFR,0.28,0.21,0.26,0.3,0.45,892,,,,,,,,,,,
4/27/2022,SOFR,0.28,0.21,0.26,0.3,0.45,882,,,,,,,,,,,
4/26/2022,SOFR,0.27,0.2,0.25,0.3,0.45,897,,,,,,,,,,,
4/25/2022,SOFR,0.27,0.15,0.25,0.3,0.45,898,,,,,,,,,,,
4/22/2022,SOFR,0.27,0.2,0.24,0.3,0.45,901,,,,,,,,,,,
4/21/2022,SOFR,0.26,0.19,0.23,0.3,0.45,906,,,,,,,,,,,
4/20/2022,SOFR,0.27,0.2,0.24,0.3,0.45,912,,,,,,,,,,,
4/19/2022,SOFR,0.28,0.21,0.26,0.3,0.45,895,,,,,,,,,,,
4/18/2022,SOFR,0.29,0.1,0.27,0.3,0.45,896,,,,,,,,,,,
4/14/2022,SOFR,0.29,0.21,0.27,0.3,0.45,886,,,,,,,,,,,
4/13/2022,SOFR,0.29,0.21,0.27,0.3,0.45,874,,,,,,,,,,,
4/12/2022,SOFR,0.29,0.21,0.27,0.3,0.45,883,,,,,,,,,,,
4/11/2022,SOFR,0.3,0.21,0.27,0.3,0.45,886,,,,,,,,,,,
4/8/2022,SOFR,0.3,0.21,0.27,0.3,0.45,905,,,,,,,,,,,
4/7/2022,SOFR,0.3,0.21,0.27,0.3,0.45,906,,,,,,,,,,,
4/6/2022,SOFR,0.3,0.22,0.27,0.3,0.45,905,,,,,,,,,,,
4/5/2022,SOFR,0.3,0.22,0.27,0.3,0.45,929,,,,,,,,,,,
4/4/2022,SOFR,0.3,0.22,0.27,0.3,0.45,940,,,,,,,,,,,
4/1/2022,SOFR,0.3,0.21,0.27,0.3,0.45,974,,,,,,,,,,,
3/31/2022,SOFR,0.29,0.2,0.26,0.3,0.45,979,,,,,,,,,,,
3/30/2022,SOFR,0.27,0.2,0.24,0.3,0.45,900,,,,,,,,,,,
3/29/2022,SOFR,0.28,0.2,0.25,0.3,0.45,874,,,,,,,,,,,
3/28/2022,SOFR,0.28,0.2,0.25,0.3,0.45,899,,,,,,,,,,,
3/25/2022,SOFR,0.28,0.2,0.25,0.3,0.45,901,,,,,,,,,,,
3/24/2022,SOFR,0.27,0.2,0.24,0.3,0.45,900,,,,,,,,,,,
3/23/2022,SOFR,0.27,0.15,0.24,0.3,0.45,908,,,,,,,,,,,
3/22/2022,SOFR,0.28,0.21,0.25,0.3,0.45,931,,,,,,,,,,,
3/21/2022,SOFR,0.29,0.22,0.26,0.3,0.45,989,,,,,,,,,,,
3/18/2022,SOFR,0.3,0.23,0.26,0.3,0.45,968,,,,,,,,,,,
3/17/2022,SOFR,0.3,0.23,0.27,0.3,0.37,1003,,,,,,,,,,,
3/16/2022,SOFR,0.05,0,0.03,0.05,0.12,1016,,,,,,,,,,,
3/15/2022,SOFR,0.05,0,0.03,0.05,0.15,1014,,,,,,,,,,,
3/14/2022,SOFR,0.05,0,0.02,0.05,0.15,980,,,,,,,,,,,
3/11/2022,SOFR,0.05,0,0.03,0.05,0.15,980,,,,,,,,,,,
3/10/2022,SOFR,0.05,0,0.03,0.05,0.15,977,,,,,,,,,,,
3/9/2022,SOFR,0.05,0.01,0.05,0.06,0.15,952,,,,,,,,,,,
3/8/2022,SOFR,0.05,0.01,0.05,0.06,0.15,948,,,,,,,,,,,
3/7/2022,SOFR,0.05,0.01,0.05,0.06,0.15,990,,,,,,,,,,,
3/4/2022,SOFR,0.05,0.01,0.05,0.06,0.15,961,,,,,,,,,,,
3/3/2022,SOFR,0.05,0.01,0.05,0.06,0.15,1001,,,,,,,,,,,
3/2/2022,SOFR,0.05,0.01,0.05,0.06,0.13,1023,,,,,,,,,,,
3/1/2022,SOFR,0.05,0.01,0.05,0.06,0.12,1062,,,,,,,,,,,
2/28/2022,SOFR,0.05,0.01,0.05,0.07,0.13,1052,,,,,,,,,,,
2/25/2022,SOFR,0.05,0,0.04,0.06,0.15,962,,,,,,,,,,,
2/24/2022,SOFR,0.05,-0.01,0.03,0.05,0.15,924,,,,,,,,,,,
2/23/2022,SOFR,0.05,-0.01,0.03,0.05,0.15,902,,,,,,,,,,,
2/22/2022,SOFR,0.05,-0.01,0.03,0.05,0.15,930,,,,,,,,,,,
2/18/2022,SOFR,0.05,-0.01,0.03,0.05,0.15,931,,,,,,,,,,,
2/17/2022,SOFR,0.05,0,0.03,0.05,0.15,911,,,,,,,,,,,
2/16/2022,SOFR,0.05,-0.01,0.03,0.05,0.15,960,,,,,,,,,,,
2/15/2022,SOFR,0.05,0,0.03,0.05,0.15,972,,,,,,,,,,,
2/14/2022,SOFR,0.05,-0.01,0.02,0.05,0.15,895,,,,,,,,,,,
2/11/2022,SOFR,0.05,-0.01,0.02,0.05,0.15,903,,,,,,,,,,,
2/10/2022,SOFR,0.05,-0.02,0.01,0.05,0.15,914,,,,,,,,,,,
2/9/2022,SOFR,0.04,-0.02,0.01,0.05,0.15,911,,,,,,,,,,,
2/8/2022,SOFR,0.05,-0.02,0.01,0.05,0.15,896,,,,,,,,,,,
2/7/2022,SOFR,0.05,-0.01,0.02,0.05,0.15,905,,,,,,,,,,,
2/4/2022,SOFR,0.05,0,0.03,0.05,0.15,891,,,,,,,,,,,
2/3/2022,SOFR,0.05,0,0.03,0.05,0.15,935,,,,,,,,,,,
2/2/2022,SOFR,0.05,0,0.03,0.05,0.15,927,,,,,,,,,,,
2/1/2022,SOFR,0.05,0,0.03,0.05,0.15,985,,,,,,,,,,,
1/31/2022,SOFR,0.05,-0.01,0.02,0.05,0.12,1019,,,,,,,,,,,
1/28/2022,SOFR,0.05,-0.02,0.01,0.05,0.15,908,,,,,,,,,,,
1/27/2022,SOFR,0.04,-0.02,0.02,0.05,0.15,913,,,,,,,,,,,
1/26/2022,SOFR,0.04,-0.02,0.02,0.05,0.15,926,,,,,,,,,,,
1/25/2022,SOFR,0.05,-0.03,0.01,0.05,0.15,943,,,,,,,,,,,
1/24/2022,SOFR,0.04,-0.03,0.01,0.05,0.15,886,,,,,,,,,,,
1/21/2022,SOFR,0.05,-0.02,0.01,0.05,0.15,875,,,,,,,,,,,
1/20/2022,SOFR,0.04,-0.02,0.02,0.05,0.15,927,,,,,,,,,,,
1/19/2022,SOFR,0.05,-0.01,0.02,0.05,0.15,917,,,,,,,,,,,
1/18/2022,SOFR,0.05,-0.01,0.03,0.05,0.15,954,,,,,,,,,,,
1/14/2022,SOFR,0.05,-0.02,0.02,0.05,0.15,874,,,,,,,,,,,
1/13/2022,SOFR,0.05,-0.01,0.02,0.05,0.15,892,,,,,,,,,,,
1/12/2022,SOFR,0.05,-0.01,0.03,0.05,0.15,891,,,,,,,,,,,
1/11/2022,SOFR,0.05,-0.01,0.03,0.05,0.15,935,,,,,,,,,,,
1/10/2022,SOFR,0.05,-0.01,0.03,0.05,0.15,919,,,,,,,,,,,
1/7/2022,SOFR,0.05,0,0.04,0.05,0.15,929,,,,,,,,,,,
1/6/2022,SOFR,0.05,0,0.04,0.06,0.15,942,,,,,,,,,,,
1/5/2022,SOFR,0.05,0,0.04,0.06,0.15,946,,,,,,,,,,,
1/4/2022,SOFR,0.05,0,0.05,0.06,0.15,976,,,,,,,,,,,
1/3/2022,SOFR,0.05,-0.01,0.04,0.06,0.15,972,,,,,,,,,,,
12/31/2021,SOFR,0.05,-0.01,0.03,0.05,0.15,923,,,,,,,,,,,
12/30/2021,SOFR,0.05,-0.02,0.02,0.05,0.15,836,,,,,,,,,,,
12/29/2021,SOFR,0.05,-0.02,0.02,0.05,0.15,869,,,,,,,,,,,
12/28/2021,SOFR,0.05,-0.01,0.03,0.05,0.15,844,,,,,,,,,,,
12/27/2021,SOFR,0.05,-0.02,0.02,0.05,0.15,888,,,,,,,,,,,
12/23/2021,SOFR,0.05,-0.01,0.03,0.05,0.15,880,,,,,,,,,,,
12/22/2021,SOFR,0.05,-0.02,0.02,0.05,0.15,893,,,,,,,,,,,
12/21/2021,SOFR,0.05,-0.02,0.01,0.05,0.15,896,,,,,,,,,,,
12/20/2021,SOFR,0.04,-0.02,0.01,0.05,0.15,905,,,,,,,,,,,
12/17/2021,SOFR,0.05,-0.01,0.02,0.05,0.15,910,,,,,,,,,,,
12/16/2021,SOFR,0.05,-0.01,0.02,0.05,0.15,914,,,,,,,,,,,
12/15/2021,SOFR,0.05,-0.01,0.03,0.05,0.15,959,,,,,,,,,,,
12/14/2021,SOFR,0.05,-0.01,0.03,0.05,0.15,919,,,,,,,,,,,
12/13/2021,SOFR,0.05,-0.01,0.03,0.05,0.15,936,,,,,,,,,,,
12/10/2021,SOFR,0.05,0,0.04,0.06,0.15,919,,,,,,,,,,,
12/9/2021,SOFR,0.05,0,0.04,0.06,0.15,973,,,,,,,,,,,
12/8/2021,SOFR,0.05,0,0.05,0.06,0.15,978,,,,,,,,,,,
12/7/2021,SOFR,0.05,0,0.04,0.06,0.15,989,,,,,,,,,,,
12/6/2021,SOFR,0.05,0,0.04,0.06,0.14,994,,,,,,,,,,,
12/3/2021,SOFR,0.05,0,0.04,0.06,0.14,1015,,,,,,,,,,,
12/2/2021,SOFR,0.05,0,0.04,0.06,0.15,1031,,,,,,,,,,,
12/1/2021,SOFR,0.05,0,0.05,0.06,0.14,1088,,,,,,,,,,,
11/30/2021,SOFR,0.05,0,0.04,0.06,0.13,1067,,,,,,,,,,,
11/29/2021,SOFR,0.05,0,0.04,0.05,0.15,953,,,,,,,,,,,
11/26/2021,SOFR,0.05,0,0.04,0.06,0.15,895,,,,,,,,,,,
11/24/2021,SOFR,0.05,0,0.04,0.05,0.15,887,,,,,,,,,,,
11/23/2021,SOFR,0.05,-0.01,0.03,0.05,0.15,920,,,,,,,,,,,
11/22/2021,SOFR,0.05,-0.01,0.03,0.05,0.15,930,,,,,,,,,,,
11/19/2021,SOFR,0.05,-0.01,0.03,0.05,0.15,895,,,,,,,,,,,
11/18/2021,SOFR,0.05,-0.01,0.03,0.05,0.15,898,,,,,,,,,,,
11/17/2021,SOFR,0.05,-0.01,0.03,0.05,0.15,893,,,,,,,,,,,
11/16/2021,SOFR,0.05,-0.01,0.04,0.05,0.15,924,,,,,,,,,,,
11/15/2021,SOFR,0.05,0,0.04,0.05,0.15,958,,,,,,,,,,,
11/12/2021,SOFR,0.05,0,0.04,0.05,0.15,868,,,,,,,,,,,
11/10/2021,SOFR,0.05,0,0.04,0.05,0.15,871,,,,,,,,,,,
11/9/2021,SOFR,0.05,0,0.04,0.05,0.15,908,,,,,,,,,,,
11/8/2021,SOFR,0.05,0,0.04,0.05,0.15,907,,,,,,,,,,,
11/5/2021,SOFR,0.05,0,0.04,0.05,0.15,875,,,,,,,,,,,
11/4/2021,SOFR,0.05,-0.01,0.04,0.05,0.15,925,,,,,,,,,,,
11/3/2021,SOFR,0.05,0,0.04,0.05,0.15,877,,,,,,,,,,,
11/2/2021,SOFR,0.05,-0.01,0.04,0.05,0.15,910,,,,,,,,,,,
11/1/2021,SOFR,0.05,-0.02,0.03,0.05,0.15,959,,,,,,,,,,,
10/29/2021,SOFR,0.05,-0.03,0.02,0.05,0.15,847,,,,,,,,,,,
10/28/2021,SOFR,0.05,-0.03,0.02,0.05,0.15,871,,,,,,,,,,,
10/27/2021,SOFR,0.05,-0.03,0.02,0.05,0.15,865,,,,,,,,,,,
10/26/2021,SOFR,0.05,-0.03,0.02,0.05,0.15,877,,,,,,,,,,,
10/25/2021,SOFR,0.04,-0.03,0.02,0.05,0.15,858,,,,,,,,,,,
10/22/2021,SOFR,0.05,-0.03,0.02,0.05,0.15,863,,,,,,,,,,,
10/21/2021,SOFR,0.03,-0.05,0,0.05,0.15,879,,,,,,,,,,,
10/20/2021,SOFR,0.03,-0.04,0,0.05,0.15,857,,,,,,,,,,,
10/19/2021,SOFR,0.03,-0.03,0.01,0.05,0.15,875,,,,,,,,,,,
10/18/2021,SOFR,0.05,-0.02,0.01,0.05,0.15,879,,,,,,,,,,,
10/15/2021,SOFR,0.05,-0.01,0.02,0.05,0.15,889,,,,,,,,,,,
10/14/2021,SOFR,0.05,-0.03,0.03,0.05,0.15,873,,,,,,,,,,,
10/13/2021,SOFR,0.05,-0.01,0.03,0.05,0.15,907,,,,,,,,,,,
10/12/2021,SOFR,0.05,-0.01,0.03,0.05,0.15,925,,,,,,,,,,,
10/8/2021,SOFR,0.05,0,0.04,0.05,0.15,887,,,,,,,,,,,
10/7/2021,SOFR,0.05,0,0.04,0.05,0.15,911,,,,,,,,,,,
10/6/2021,SOFR,0.05,0,0.04,0.05,0.15,902,,,,,,,,,,,
10/5/2021,SOFR,0.05,0,0.04,0.05,0.15,916,,,,,,,,,,,
10/4/2021,SOFR,0.05,0,0.04,0.05,0.15,925,,,,,,,,,,,
10/1/2021,SOFR,0.05,0,0.04,0.05,0.15,928,,,,,,,,,,,
9/30/2021,SOFR,0.05,-0.01,0.03,0.05,0.15,939,,,,,,,,,,,
9/29/2021,SOFR,0.05,-0.02,0.03,0.05,0.15,872,,,,,,,,,,,
9/28/2021,SOFR,0.05,0,0.04,0.05,0.15,883,,,,,,,,,,,
9/27/2021,SOFR,0.05,0,0.04,0.05,0.15,927,,,,,,,,,,,
9/24/2021,SOFR,0.05,0,0.04,0.05,0.15,896,,,,,,,,,,,
9/23/2021,SOFR,0.05,0,0.03,0.05,0.15,878,,,,,,,,,,,
9/22/2021,SOFR,0.05,0,0.03,0.05,0.15,879,,,,,,,,,,,
9/21/2021,SOFR,0.05,0,0.03,0.05,0.15,894,,,,,,,,,,,
9/20/2021,SOFR,0.05,0,0.03,0.05,0.15,928,,,,,,,,,,,
9/17/2021,SOFR,0.05,0.01,0.04,0.05,0.15,884,,,,,,,,,,,
9/16/2021,SOFR,0.05,0.02,0.05,0.05,0.15,905,,,,,,,,,,,
9/15/2021,SOFR,0.05,0.02,0.05,0.06,0.15,942,,,,,,,,,,,
9/14/2021,SOFR,0.05,0.01,0.04,0.05,0.15,893,,,,,,,,,,,
9/13/2021,SOFR,0.05,0.01,0.05,0.05,0.15,914,,,,,,,,,,,
9/10/2021,SOFR,0.05,0.02,0.05,0.06,0.15,891,,,,,,,,,,,
9/9/2021,SOFR,0.05,0.01,0.05,0.05,0.15,917,,,,,,,,,,,
9/8/2021,SOFR,0.05,0.01,0.05,0.05,0.15,896,,,,,,,,,,,
9/7/2021,SOFR,0.05,0.01,0.05,0.06,0.15,945,,,,,,,,,,,
9/3/2021,SOFR,0.05,0.02,0.05,0.06,0.15,883,,,,,,,,,,,
9/2/2021,SOFR,0.05,0.02,0.05,0.06,0.15,952,,,,,,,,,,,
9/1/2021,SOFR,0.05,0.02,0.05,0.06,0.15,936,,,,,,,,,,,
8/31/2021,SOFR,0.05,0.02,0.05,0.06,0.15,953,,,,,,,,,,,
8/30/2021,SOFR,0.05,0,0.04,0.05,0.15,885,,,,,,,,,,,
8/27/2021,SOFR,0.05,0,0.04,0.05,0.15,920,,,,,,,,,,,
8/26/2021,SOFR,0.05,0.01,0.05,0.05,0.15,864,,,,,,,,,,,
8/25/2021,SOFR,0.05,0,0.04,0.05,0.15,912,,,,,,,,,,,
8/24/2021,SOFR,0.05,0,0.04,0.05,0.15,923,,,,,,,,,,,
8/23/2021,SOFR,0.05,0,0.03,0.05,0.15,899,,,,,,,,,,,
8/20/2021,SOFR,0.05,0,0.03,0.05,0.15,902,,,,,,,,,,,
8/19/2021,SOFR,0.05,0,0.03,0.05,0.15,925,,,,,,,,,,,
8/18/2021,SOFR,0.05,0,0.04,0.05,0.15,935,,,,,,,,,,,
8/17/2021,SOFR,0.05,0.01,0.05,0.05,0.15,905,,,,,,,,,,,
8/16/2021,SOFR,0.05,0.01,0.05,0.06,0.15,906,,,,,,,,,,,
8/13/2021,SOFR,0.05,0,0.04,0.05,0.15,893,,,,,,,,,,,
8/12/2021,SOFR,0.05,0,0.04,0.05,0.15,909,,,,,,,,,,,
8/11/2021,SOFR,0.05,0,0.04,0.05,0.15,904,,,,,,,,,,,
8/10/2021,SOFR,0.05,0.01,0.04,0.05,0.15,865,,,,,,,,,,,
8/9/2021,SOFR,0.05,0.02,0.05,0.06,0.15,884,,,,,,,,,,,
8/6/2021,SOFR,0.05,0.02,0.05,0.06,0.15,891,,,,,,,,,,,
8/5/2021,SOFR,0.05,NA,NA,NA,NA,901,,,,,,,,,,,2
8/4/2021,SOFR,0.05,0.02,0.05,0.06,0.15,926,,,,,,,,,,,
8/3/2021,SOFR,0.05,0.02,0.05,0.06,0.15,974,,,,,,,,,,,
8/2/2021,SOFR,0.05,0.01,0.05,0.06,0.15,986,,,,,,,,,,,
7/30/2021,SOFR,0.05,0,0.03,0.05,0.15,903,,,,,,,,,,,
7/29/2021,SOFR,0.05,0.01,0.04,0.05,0.15,877,,,,,,,,,,,
7/28/2021,SOFR,0.05,0.01,0.04,0.05,0.15,862,,,,,,,,,,,
7/27/2021,SOFR,0.05,0.01,0.04,0.05,0.15,874,,,,,,,,,,,
7/26/2021,SOFR,0.05,0.01,0.04,0.05,0.15,881,,,,,,,,,,,
7/23/2021,SOFR,0.05,0.01,0.04,0.05,0.15,861,,,,,,,,,,,
7/22/2021,SOFR,0.05,0.01,0.04,0.05,0.15,849,,,,,,,,,,,
7/21/2021,SOFR,0.05,0,0.03,0.05,0.15,913,,,,,,,,,,,
7/20/2021,SOFR,0.05,0.01,0.04,0.05,0.15,855,,,,,,,,,,,
7/19/2021,SOFR,0.05,0,0.03,0.05,0.15,888,,,,,,,,,,,
7/16/2021,SOFR,0.05,0.02,0.04,0.05,0.15,864,,,,,,,,,,,
7/15/2021,SOFR,0.05,0.02,0.05,0.06,0.15,933,,,,,,,,,,,
7/14/2021,SOFR,0.05,0,0.04,0.05,0.15,908,,,,,,,,,,,
7/13/2021,SOFR,0.05,0.01,0.04,0.05,0.15,875,,,,,,,,,,,
7/12/2021,SOFR,0.05,0.01,0.04,0.05,0.15,855,,,,,,,,,,,
7/9/2021,SOFR,0.05,0,0.04,0.05,0.15,911,,,,,,,,,,,
7/8/2021,SOFR,0.05,0.01,0.05,0.06,0.15,874,,,,,,,,,,,
7/7/2021,SOFR,0.05,0,0.05,0.06,0.15,905,,,,,,,,,,,
7/6/2021,SOFR,0.05,0,0.05,0.06,0.15,934,,,,,,,,,,,
7/2/2021,SOFR,0.05,0,0.05,0.06,0.15,910,,,,,,,,,,,
7/1/2021,SOFR,0.05,0,0.04,0.06,0.15,938,,,,,,,,,,,
6/30/2021,SOFR,0.05,-0.02,0.03,0.05,0.15,871,,,,,,,,,,,
6/29/2021,SOFR,0.05,-0.02,0.02,0.05,0.15,850,,,,,,,,,,,
6/28/2021,SOFR,0.05,-0.01,0.04,0.05,0.15,853,,,,,,,,,,,
6/25/2021,SOFR,0.05,0,0.04,0.06,0.15,850,,,,,,,,,,,
6/24/2021,SOFR,0.05,-0.01,0.04,0.05,0.15,868,,,,,,,,,,,
6/23/2021,SOFR,0.05,-0.02,0.03,0.05,0.15,835,,,,,,,,,,,
6/22/2021,SOFR,0.05,-0.01,0.03,0.05,0.15,888,,,,,,,,,,,
6/21/2021,SOFR,0.05,0,0.03,0.05,0.15,894,,,,,,,,,,,
6/18/2021,SOFR,0.05,0,0.04,0.06,0.15,921,,,,,,,,,,,
6/17/2021,SOFR,0.05,0,0.04,0.06,0.15,998,,,,,,,,,,,
6/16/2021,SOFR,0.01,-0.02,0,0.01,0.15,900,,,,,,,,,,,
6/15/2021,SOFR,0.01,-0.02,0,0.01,0.15,905,,,,,,,,,,,
6/14/2021,SOFR,0.01,-0.04,0,0.01,0.15,877,,,,,,,,,,,
6/11/2021,SOFR,0.01,-0.02,0,0.01,0.15,834,,,,,,,,,,,
6/10/2021,SOFR,0.01,-0.02,0.01,0.01,0.15,904,,,,,,,,,,,
6/9/2021,SOFR,0.01,-0.03,0,0.01,0.15,896,,,,,,,,,,,
6/8/2021,SOFR,0.01,-0.03,0,0.01,0.15,896,,,,,,,,,,,
6/7/2021,SOFR,0.01,-0.03,0,0.01,0.15,921,,,,,,,,,,,
6/4/2021,SOFR,0.01,-0.02,0.01,0.01,0.15,898,,,,,,,,,,,
6/3/2021,SOFR,0.01,-0.02,0.01,0.01,0.15,903,,,,,,,,,,,
6/2/2021,SOFR,0.01,-0.03,0.01,0.01,0.15,953,,,,,,,,,,,
6/1/2021,SOFR,0.01,-0.03,0,0.01,0.15,977,,,,,,,,,,,
5/28/2021,SOFR,0.01,-0.05,-0.01,0.01,0.15,868,,,,,,,,,,,
5/27/2021,SOFR,0.01,-0.05,-0.01,0.01,0.15,877,,,,,,,,,,,
5/26/2021,SOFR,0.01,-0.05,-0.01,0.01,0.15,869,,,,,,,,,,,
5/25/2021,SOFR,0.01,-0.05,-0.01,0.01,0.15,877,,,,,,,,,,,
5/24/2021,SOFR,0.01,-0.05,-0.01,0.01,0.15,858,,,,,,,,,,,
5/21/2021,SOFR,0.01,-0.05,-0.01,0.01,0.15,857,,,,,,,,,,,
5/20/2021,SOFR,0.01,-0.04,0,0.01,0.15,872,,,,,,,,,,,
5/19/2021,SOFR,0.01,-0.04,0,0.01,0.15,891,,,,,,,,,,,
5/18/2021,SOFR,0.01,-0.03,0,0.01,0.15,888,,,,,,,,,,,
5/17/2021,SOFR,0.01,-0.03,0,0.01,0.15,902,,,,,,,,,,,
5/14/2021,SOFR,0.01,-0.04,-0.01,0.01,0.15,865,,,,,,,,,,,
5/13/2021,SOFR,0.01,-0.03,0,0.01,0.15,860,,,,,,,,,,,
5/12/2021,SOFR,0.01,-0.03,0,0.01,0.15,895,,,,,,,,,,,
5/11/2021,SOFR,0.01,-0.02,0.01,0.01,0.15,865,,,,,,,,,,,
5/10/2021,SOFR,0.01,-0.02,0.01,0.01,0.15,869,,,,,,,,,,,
5/7/2021,SOFR,0.01,-0.02,0.01,0.01,0.15,869,,,,,,,,,,,
5/6/2021,SOFR,0.01,-0.02,0.01,0.01,0.15,883,,,,,,,,,,,
5/5/2021,SOFR,0.01,-0.02,0.01,0.01,0.15,841,,,,,,,,,,,
5/4/2021,SOFR,0.01,-0.02,0.01,0.01,0.15,895,,,,,,,,,,,
5/3/2021,SOFR,0.01,-0.02,0.01,0.01,0.15,930,,,,,,,,,,,
4/30/2021,SOFR,0.01,-0.02,0,0.01,0.15,924,,,,,,,,,,,
4/29/2021,SOFR,0.01,-0.03,0,0.01,0.15,838,,,,,,,,,,,
4/28/2021,SOFR,0.01,-0.03,0,0.01,0.15,847,,,,,,,,,,,
4/27/2021,SOFR,0.01,-0.03,0,0.01,0.15,879,,,,,,,,,,,
4/26/2021,SOFR,0.01,-0.03,0,0.01,0.15,875,,,,,,,,,,,
4/23/2021,SOFR,0.01,-0.02,0,0.01,0.15,871,,,,,,,,,,,
4/22/2021,SOFR,0.01,-0.02,0,0.01,0.15,870,,,,,,,,,,,
4/21/2021,SOFR,0.01,-0.03,0,0.01,0.15,882,,,,,,,,,,,
4/20/2021,SOFR,0.01,-0.03,0,0.01,0.15,896,,,,,,,,,,,
4/19/2021,SOFR,0.01,-0.03,0,0.01,0.15,919,,,,,,,,,,,
4/16/2021,SOFR,0.01,-0.02,0,0.01,0.15,913,,,,,,,,,,,
4/15/2021,SOFR,0.01,-0.02,0.01,0.01,0.15,928,,,,,,,,,,,
4/14/2021,SOFR,0.01,-0.03,0,0.01,0.15,883,,,,,,,,,,,
4/13/2021,SOFR,0.01,-0.02,0,0.01,0.15,894,,,,,,,,,,,
4/12/2021,SOFR,0.01,-0.02,0,0.01,0.15,863,,,,,,,,,,,
4/9/2021,SOFR,0.01,-0.02,0,0.01,0.15,867,,,,,,,,,,,
4/8/2021,SOFR,0.01,-0.01,0.01,0.01,0.15,896,,,,,,,,,,,
4/7/2021,SOFR,0.01,0,0.01,0.02,0.15,924,,,,,,,,,,,
4/6/2021,SOFR,0.01,0,0.01,0.04,0.15,979,,,,,,,,,,,
4/5/2021,SOFR,0.01,0,0.01,0.04,0.15,985,,,,,,,,,,,
4/1/2021,SOFR,0.01,0,0.01,0.03,0.15,989,,,,,,,,,,,
3/31/2021,SOFR,0.01,-0.02,0,0.01,0.15,931,,,,,,,,,,,
3/30/2021,SOFR,0.01,-0.02,0.01,0.02,0.15,808,,,,,,,,,,,
3/29/2021,SOFR,0.01,0,0.01,0.03,0.15,858,,,,,,,,,,,
3/26/2021,SOFR,0.01,0,0.01,0.03,0.15,924,,,,,,,,,,,
3/25/2021,SOFR,0.01,0,0.01,0.03,0.15,956,,,,,,,,,,,
3/24/2021,SOFR,0.01,-0.01,0.01,0.01,0.15,895,,,,,,,,,,,
3/23/2021,SOFR,0.01,-0.03,0,0.01,0.15,896,,,,,,,,,,,
3/22/2021,SOFR,0.01,-0.05,0,0.01,0.15,869,,,,,,,,,,,
3/19/2021,SOFR,0.01,-0.04,0,0.01,0.15,865,,,,,,,,,,,
3/18/2021,SOFR,0.01,-0.03,0.01,0.01,0.15,868,,,,,,,,,,,
3/17/2021,SOFR,0.01,-0.01,0.01,0.01,0.15,883,,,,,,,,,,,
3/16/2021,SOFR,0.01,-0.01,0.01,0.01,0.15,914,,,,,,,,,,,
3/15/2021,SOFR,0.01,0,0.01,0.02,0.15,898,,,,,,,,,,,
3/12/2021,SOFR,0.01,-0.03,0,0.01,0.15,889,,,,,,,,,,,
3/11/2021,SOFR,0.01,-0.01,0.01,0.03,0.15,884,,,,,,,,,,,
3/10/2021,SOFR,0.02,0,0.01,0.04,0.15,914,,,,,,,,,,,
3/9/2021,SOFR,0.02,0,0.01,0.03,0.15,914,,,,,,,,,,,
3/8/2021,SOFR,0.02,0,0.01,0.04,0.15,928,,,,,,,,,,,
3/5/2021,SOFR,0.02,0,0.01,0.03,0.15,933,,,,,,,,,,,
3/4/2021,SOFR,0.02,0.01,0.01,0.04,0.15,936,,,,,,,,,,,
3/3/2021,SOFR,0.04,0.02,0.03,0.06,0.15,897,,,,,,,,,,,
3/2/2021,SOFR,0.04,0.01,0.02,0.05,0.15,951,,,,,,,,,,,
3/1/2021,SOFR,0.02,0,0.01,0.04,0.15,988,,,,,,,,,,,
2/26/2021,SOFR,0.01,-0.02,0.01,0.01,0.15,889,,,,,,,,,,,
2/25/2021,SOFR,0.03,0.01,0.02,0.05,0.15,896,,,,,,,,,,,
2/24/2021,SOFR,0.02,0.01,0.01,0.04,0.15,870,,,,,,,,,,,
2/23/2021,SOFR,0.01,0,0.01,0.03,0.15,917,,,,,,,,,,,
2/22/2021,SOFR,0.03,0.01,0.02,0.04,0.15,860,,,,,,,,,,,
2/19/2021,SOFR,0.02,0.01,0.01,0.04,0.15,873,,,,,,,,,,,
2/18/2021,SOFR,0.03,0.02,0.02,0.05,0.15,872,,,,,,,,,,,
2/17/2021,SOFR,0.06,0.03,0.05,0.08,0.15,957,,,,,,,,,,,
2/16/2021,SOFR,0.06,0.04,0.05,0.08,0.15,934,,,,,,,,,,,
2/12/2021,SOFR,0.05,0.02,0.03,0.07,0.15,890,,,,,,,,,,,
2/11/2021,SOFR,0.06,0.03,0.04,0.08,0.15,891,,,,,,,,,,,
2/10/2021,SOFR,0.06,0.04,0.05,0.09,0.15,884,,,,,,,,,,,
2/9/2021,SOFR,0.05,0.03,0.03,0.07,0.15,901,,,,,,,,,,,
2/8/2021,SOFR,0.02,0.01,0.01,0.05,0.15,920,,,,,,,,,,,
2/5/2021,SOFR,0.02,0.01,0.01,0.04,0.15,933,,,,,,,,,,,
2/4/2021,SOFR,0.05,0.03,0.03,0.06,0.15,989,,,,,,,,,,,
2/3/2021,SOFR,0.07,0.03,0.06,0.1,0.15,962,,,,,,,,,,,
2/2/2021,SOFR,0.07,0.04,0.06,0.09,0.15,968,,,,,,,,,,,
2/1/2021,SOFR,0.07,0.04,0.05,0.09,0.15,1010,,,,,,,,,,,
1/29/2021,SOFR,0.06,0.03,0.04,0.07,0.15,915,,,,,,,,,,,
1/28/2021,SOFR,0.04,0.02,0.03,0.06,0.15,906,,,,,,,,,,,
1/27/2021,SOFR,0.03,0.01,0.02,0.04,0.15,913,,,,,,,,,,,
1/26/2021,SOFR,0.03,0.01,0.02,0.05,0.15,926,,,,,,,,,,,
1/25/2021,SOFR,0.06,0.03,0.05,0.09,0.15,885,,,,,,,,,,,
1/22/2021,SOFR,0.05,0.03,0.04,0.07,0.15,906,,,,,,,,,,,
1/21/2021,SOFR,0.04,0.01,0.02,0.05,0.15,922,,,,,,,,,,,
1/20/2021,SOFR,0.06,0.02,0.04,0.07,0.15,883,,,,,,,,,,,
1/19/2021,SOFR,0.07,0.04,0.05,0.09,0.15,936,,,,,,,,,,,
1/15/2021,SOFR,0.08,0.05,0.05,0.1,0.15,904,,,,,,,,,,,
1/14/2021,SOFR,0.08,0.04,0.05,0.1,0.16,887,,,,,,,,,,,
1/13/2021,SOFR,0.08,0.05,0.05,0.1,0.15,911,,,,,,,,,,,
1/12/2021,SOFR,0.08,0.05,0.06,0.11,0.16,918,,,,,,,,,,,
1/11/2021,SOFR,0.09,0.05,0.07,0.11,0.17,964,,,,,,,,,,,
1/8/2021,SOFR,0.09,0.06,0.07,0.12,0.17,992,,,,,,,,,,,
1/7/2021,SOFR,0.1,0.06,0.08,0.12,0.18,951,,,,,,,,,,,
1/6/2021,SOFR,0.1,0.07,0.08,0.13,0.18,978,,,,,,,,,,,
1/5/2021,SOFR,0.11,0.06,0.08,0.13,0.18,986,,,,,,,,,,,
1/4/2021,SOFR,0.1,0.05,0.07,0.12,0.17,1046,,,,,,,,,,,
12/31/2020,SOFR,0.07,0.03,0.06,0.1,0.17,1095,,,,,,,,,,,
12/30/2020,SOFR,0.09,0.05,0.08,0.12,0.17,916,,,,,,,,,,,
12/29/2020,SOFR,0.1,0.06,0.08,0.12,0.17,945,,,,,,,,,,,
12/28/2020,SOFR,0.09,0.06,0.07,0.12,0.16,946,,,,,,,,,,,
12/24/2020,SOFR,0.08,0.05,0.06,0.1,0.15,895,,,,,,,,,,,
12/23/2020,SOFR,0.06,0.04,0.05,0.07,0.15,921,,,,,,,,,,,
12/22/2020,SOFR,0.07,0.04,0.06,0.09,0.15,923,,,,,,,,,,,
12/21/2020,SOFR,0.09,0.06,0.07,0.11,0.16,922,,,,,,,,,,,
12/18/2020,SOFR,0.09,0.06,0.07,0.11,0.16,943,,,,,,,,,,,
12/17/2020,SOFR,0.09,0.06,0.07,0.11,0.16,922,,,,,,,,,,,
12/16/2020,SOFR,0.09,0.06,0.07,0.11,0.16,914,,,,,,,,,,,
12/15/2020,SOFR,0.09,0.06,0.07,0.11,0.16,933,,,,,,,,,,,
12/14/2020,SOFR,0.08,0.05,0.06,0.09,0.15,907,,,,,,,,,,,
12/11/2020,SOFR,0.08,0.05,0.06,0.1,0.15,885,,,,,,,,,,,
12/10/2020,SOFR,0.08,0.05,0.06,0.09,0.15,946,,,,,,,,,,,
12/9/2020,SOFR,0.08,0.05,0.06,0.09,0.15,935,,,,,,,,,,,
12/8/2020,SOFR,0.07,0.05,0.06,0.09,0.16,939,,,,,,,,,,,
12/7/2020,SOFR,0.08,0.05,0.07,0.11,0.17,951,,,,,,,,,,,
12/4/2020,SOFR,0.09,0.06,0.07,0.11,0.16,951,,,,,,,,,,,
12/3/2020,SOFR,0.08,0.05,0.06,0.1,0.16,954,,,,,,,,,,,
12/2/2020,SOFR,0.08,0.05,0.06,0.1,0.15,926,,,,,,,,,,,
12/1/2020,SOFR,0.08,0.05,0.06,0.1,0.16,972,,,,,,,,,,,
11/30/2020,SOFR,0.09,0.06,0.08,0.12,0.17,1055,,,,,,,,,,,
11/27/2020,SOFR,0.08,0.05,0.06,0.1,0.16,900,,,,,,,,,,,
11/25/2020,SOFR,0.08,0.05,0.06,0.1,0.15,937,,,,,,,,,,,
11/24/2020,SOFR,0.07,0.04,0.05,0.09,0.14,910,,,,,,,,,,,
11/23/2020,SOFR,0.05,0.03,0.04,0.07,0.13,913,,,,,,,,,,,
11/20/2020,SOFR,0.05,0.03,0.04,0.07,0.13,920,,,,,,,,,,,
11/19/2020,SOFR,0.06,0.03,0.04,0.07,0.13,911,,,,,,,,,,,
11/18/2020,SOFR,0.07,0.04,0.05,0.09,0.16,941,,,,,,,,,,,
11/17/2020,SOFR,0.09,0.05,0.07,0.11,0.17,970,,,,,,,,,,,
11/16/2020,SOFR,0.1,0.06,0.08,0.12,0.18,953,,,,,,,,,,,
11/13/2020,SOFR,0.09,0.06,0.07,0.11,0.17,904,,,,,,,,,,,
11/12/2020,SOFR,0.09,0.05,0.07,0.11,0.17,912,,,,,,,,,,,
11/10/2020,SOFR,0.1,0.06,0.07,0.12,0.17,923,,,,,,,,,,,
11/9/2020,SOFR,0.1,0.06,0.08,0.12,0.18,904,,,,,,,,,,,
11/6/2020,SOFR,0.1,0.07,0.08,0.13,0.18,888,,,,,,,,,,,
11/5/2020,SOFR,0.11,0.07,0.08,0.13,0.18,938,,,,,,,,,,,
11/4/2020,SOFR,0.1,0.06,0.08,0.13,0.18,899,,,,,,,,,,,
11/3/2020,SOFR,0.1,0.06,0.07,0.12,0.17,948,,,,,,,,,,,
11/2/2020,SOFR,0.11,0.07,0.07,0.13,0.17,956,,,,,,,,,,,
10/30/2020,SOFR,0.09,0.06,0.07,0.12,0.18,873,,,,,,,,,,,
10/29/2020,SOFR,0.09,0.05,0.06,0.1,0.16,866,,,,,,,,,,,
10/28/2020,SOFR,0.08,0.05,0.06,0.1,0.16,910,,,,,,,,,,,
10/27/2020,SOFR,0.09,0.06,0.07,0.11,0.16,931,,,,,,,,,,,
10/26/2020,SOFR,0.09,0.06,0.06,0.11,0.16,921,,,,,,,,,,,
10/23/2020,SOFR,0.08,0.05,0.06,0.1,0.16,915,,,,,,,,,,,
10/22/2020,SOFR,0.07,0.04,0.05,0.09,0.15,929,,,,,,,,,,,
10/21/2020,SOFR,0.07,0.04,0.05,0.09,0.16,943,,,,,,,,,,,
10/20/2020,SOFR,0.08,0.05,0.06,0.1,0.17,918,,,,,,,,,,,
10/19/2020,SOFR,0.09,0.05,0.06,0.11,0.17,903,,,,,,,,,,,
10/16/2020,SOFR,0.09,0.06,0.06,0.11,0.17,914,,,,,,,,,,,
10/15/2020,SOFR,0.1,0.06,0.07,0.13,0.18,952,,,,,,,,,,,
10/14/2020,SOFR,0.09,0.05,0.06,0.11,0.17,885,,,,,,,,,,,
10/13/2020,SOFR,0.09,0.05,0.07,0.12,0.17,930,,,,,,,,,,,
10/9/2020,SOFR,0.09,0.05,0.06,0.11,0.17,894,,,,,,,,,,,
10/8/2020,SOFR,0.08,0.05,0.06,0.1,0.16,924,,,,,,,,,,,
10/7/2020,SOFR,0.09,0.06,0.07,0.12,0.18,925,,,,,,,,,,,
10/6/2020,SOFR,0.1,0.06,0.07,0.12,0.18,920,,,,,,,,,,,
10/5/2020,SOFR,0.09,0.06,0.07,0.12,0.18,955,,,,,,,,,,,
10/2/2020,SOFR,0.1,0.05,0.06,0.12,0.17,927,,,,,,,,,,,
10/1/2020,SOFR,0.08,0.05,0.05,0.11,0.16,1020,,,,,,,,,,,
9/30/2020,SOFR,0.08,0.05,0.06,0.11,0.17,975,,,,,,,,,,,
9/29/2020,SOFR,0.07,0.05,0.05,0.1,0.16,916,,,,,,,,,,,
9/28/2020,SOFR,0.08,0.05,0.06,0.11,0.17,923,,,,,,,,,,,
9/25/2020,SOFR,0.08,0.05,0.06,0.11,0.17,929,,,,,,,,,,,
9/24/2020,SOFR,0.07,0.04,0.04,0.09,0.15,919,,,,,,,,,,,
9/23/2020,SOFR,0.06,0.03,0.04,0.08,0.16,945,,,,,,,,,,,
9/22/2020,SOFR,0.07,0.04,0.05,0.09,0.16,941,,,,,,,,,,,
9/21/2020,SOFR,0.08,0.04,0.06,0.11,0.18,925,,,,,,,,,,,
9/18/2020,SOFR,0.09,0.06,0.07,0.12,0.18,896,,,,,,,,,,,
9/17/2020,SOFR,0.1,0.06,0.07,0.13,0.19,892,,,,,,,,,,,
9/16/2020,SOFR,0.1,0.06,0.07,0.13,0.19,899,,,,,,,,,,,
9/15/2020,SOFR,0.1,0.07,0.07,0.13,0.19,938,,,,,,,,,,,
9/14/2020,SOFR,0.09,0.06,0.07,0.12,0.18,881,,,,,,,,,,,
9/11/2020,SOFR,0.09,0.06,0.07,0.12,0.18,900,,,,,,,,,,,
9/10/2020,SOFR,0.09,0.06,0.07,0.13,0.19,924,,,,,,,,,,,
9/9/2020,SOFR,0.09,0.06,0.07,0.12,0.18,937,,,,,,,,,,,
9/8/2020,SOFR,0.09,0.06,0.07,0.13,0.19,957,,,,,,,,,,,
9/4/2020,SOFR,0.09,0.06,0.07,0.13,0.18,935,,,,,,,,,,,
9/3/2020,SOFR,0.1,0.06,0.06,0.12,0.17,955,,,,,,,,,,,
9/2/2020,SOFR,0.09,0.05,0.06,0.12,0.17,947,,,,,,,,,,,
9/1/2020,SOFR,0.09,0.05,0.06,0.12,0.17,969,,,,,,,,,,,
8/31/2020,SOFR,0.09,0.06,0.07,0.13,0.19,934,,,,,,,,,,,
8/28/2020,SOFR,0.07,0.04,0.05,0.1,0.16,881,,,,,,,,,,,
8/27/2020,SOFR,0.07,0.05,0.05,0.1,0.16,898,,,,,,,,,,,
8/26/2020,SOFR,0.07,0.05,0.05,0.1,0.16,938,,,,,,,,,,,
8/25/2020,SOFR,0.08,0.05,0.06,0.11,0.17,931,,,,,,,,,,,
8/24/2020,SOFR,0.08,0.05,0.06,0.11,0.16,935,,,,,,,,,,,
8/21/2020,SOFR,0.07,0.04,0.05,0.1,0.16,959,,,,,,,,,,,
8/20/2020,SOFR,0.07,0.04,0.05,0.09,0.16,983,,,,,,,,,,,
8/19/2020,SOFR,0.09,0.04,0.07,0.12,0.18,961,,,,,,,,,,,
8/18/2020,SOFR,0.09,0.06,0.07,0.12,0.18,977,,,,,,,,,,,
8/17/2020,SOFR,0.1,0.07,0.07,0.13,0.19,944,,,,,,,,,,,
8/14/2020,SOFR,0.09,0.06,0.07,0.12,0.18,930,,,,,,,,,,,
8/13/2020,SOFR,0.09,0.06,0.07,0.12,0.18,989,,,,,,,,,,,
8/12/2020,SOFR,0.09,0.06,0.07,0.12,0.18,964,,,,,,,,,,,
8/11/2020,SOFR,0.1,0.06,0.07,0.12,0.18,956,,,,,,,,,,,
8/10/2020,SOFR,0.09,0.06,0.07,0.12,0.19,948,,,,,,,,,,,
8/7/2020,SOFR,0.09,0.06,0.07,0.12,0.19,944,,,,,,,,,,,
8/6/2020,SOFR,0.09,0.07,0.07,0.12,0.19,1029,,,,,,,,,,,
8/5/2020,SOFR,0.09,0.07,0.07,0.12,0.18,1028,,,,,,,,,,,
8/4/2020,SOFR,0.09,0.06,0.07,0.13,0.18,1051,,,,,,,,,,,
8/3/2020,SOFR,0.1,0.07,0.08,0.13,0.18,991,,,,,,,,,,,
7/31/2020,SOFR,0.1,0.07,0.08,0.14,0.2,1034,,,,,,,,,,,
7/30/2020,SOFR,0.1,0.06,0.07,0.12,0.18,928,,,,,,,,,,,
7/29/2020,SOFR,0.09,0.06,0.07,0.12,0.19,948,,,,,,,,,,,
7/28/2020,SOFR,0.1,0.07,0.08,0.13,0.19,955,,,,,,,,,,,
7/27/2020,SOFR,0.1,0.07,0.08,0.14,0.19,973,,,,,,,,,,,
7/24/2020,SOFR,0.1,0.07,0.08,0.13,0.19,950,,,,,,,,,,,
7/23/2020,SOFR,0.1,0.07,0.08,0.13,0.2,942,,,,,,,,,,,
7/22/2020,SOFR,0.1,0.06,0.08,0.13,0.2,1031,,,,,,,,,,,
7/21/2020,SOFR,0.11,0.07,0.08,0.14,0.2,963,,,,,,,,,,,
7/20/2020,SOFR,0.12,0.07,0.09,0.14,0.2,975,,,,,,,,,,,
7/17/2020,SOFR,0.12,0.07,0.09,0.15,0.2,988,,,,,,,,,,,
7/16/2020,SOFR,0.12,0.07,0.08,0.14,0.2,957,,,,,,,,,,,
7/15/2020,SOFR,0.13,0.09,0.11,0.17,0.24,939,,,,,,,,,,,
7/14/2020,SOFR,0.11,0.07,0.09,0.15,0.2,972,,,,,,,,,,,
7/13/2020,SOFR,0.1,0.07,0.08,0.14,0.2,960,,,,,,,,,,,
7/10/2020,SOFR,0.1,0.07,0.08,0.14,0.19,942,,,,,,,,,,,
7/9/2020,SOFR,0.1,0.07,0.08,0.14,0.2,984,,,,,,,,,,,
7/8/2020,SOFR,0.1,0.07,0.08,0.13,0.2,954,,,,,,,,,,,
7/7/2020,SOFR,0.1,0.07,0.08,0.15,0.21,969,,,,,,,,,,,
7/6/2020,SOFR,0.1,0.07,0.08,0.15,0.21,977,,,,,,,,,,,
7/2/2020,SOFR,0.11,0.07,0.08,0.14,0.2,952,,,,,,,,,,,
7/1/2020,SOFR,0.11,0.06,0.07,0.13,0.19,1003,,,,,,,,,,,
6/30/2020,SOFR,0.1,0.06,0.07,0.13,0.2,970,,,,,,,,,,,
6/29/2020,SOFR,0.08,0.05,0.06,0.12,0.19,940,,,,,,,,,,,
6/26/2020,SOFR,0.08,0.05,0.06,0.12,0.19,938,,,,,,,,,,,
6/25/2020,SOFR,0.09,0.05,0.07,0.13,0.19,984,,,,,,,,,,,
6/24/2020,SOFR,0.08,0.05,0.06,0.12,0.18,1015,,,,,,,,,,,
6/23/2020,SOFR,0.07,0.04,0.05,0.11,0.18,992,,,,,,,,,,,
6/22/2020,SOFR,0.08,0.05,0.06,0.12,0.19,1024,,,,,,,,,,,
6/19/2020,SOFR,0.09,0.06,0.06,0.12,0.19,963,,,,,,,,,,,
6/18/2020,SOFR,0.09,0.06,0.07,0.12,0.19,1046,,,,,,,,,,,
6/17/2020,SOFR,0.09,0.06,0.07,0.13,0.19,1012,,,,,,,,,,,
6/16/2020,SOFR,0.09,0.06,0.07,0.13,0.2,986,,,,,,,,,,,
6/15/2020,SOFR,0.09,0.06,0.07,0.13,0.2,1000,,,,,,,,,,,
6/12/2020,SOFR,0.08,0.05,0.06,0.13,0.19,969,,,,,,,,,,,
6/11/2020,SOFR,0.08,0.05,0.06,0.12,0.18,1009,,,,,,,,,,,
6/10/2020,SOFR,0.07,0.05,0.06,0.12,0.18,1008,,,,,,,,,,,
6/9/2020,SOFR,0.08,0.05,0.06,0.13,0.19,1034,,,,,,,,,,,
6/8/2020,SOFR,0.07,0.05,0.06,0.12,0.19,1032,,,,,,,,,,,
6/5/2020,SOFR,0.07,0.05,0.06,0.12,0.18,1021,,,,,,,,,,,
6/4/2020,SOFR,0.07,0.04,0.06,0.12,0.18,1067,,,,,,,,,,,
6/3/2020,SOFR,0.06,0.04,0.05,0.11,0.18,1024,,,,,,,,,,,
6/2/2020,SOFR,0.07,0.05,0.05,0.13,0.18,1054,,,,,,,,,,,
6/1/2020,SOFR,0.06,0.04,0.05,0.12,0.18,1104,,,,,,,,,,,
5/29/2020,SOFR,0.06,0.04,0.05,0.1,0.19,1061,,,,,,,,,,,
5/28/2020,SOFR,0.06,0.04,0.05,0.12,0.19,1031,,,,,,,,,,,
5/27/2020,SOFR,0.06,0.03,0.04,0.1,0.17,1069,,,,,,,,,,,
5/26/2020,SOFR,0.06,0.04,0.05,0.12,0.18,1081,,,,,,,,,,,
5/22/2020,SOFR,0.04,0.03,0.03,0.09,0.16,1085,,,,,,,,,,,
5/21/2020,SOFR,0.02,0.01,0.01,0.05,0.12,1117,,,,,,,,,,,
5/20/2020,SOFR,0.01,0,0.01,0.04,0.13,1103,,,,,,,,,,,
5/19/2020,SOFR,0.04,0.02,0.03,0.08,0.16,1127,,,,,,,,,,,
5/18/2020,SOFR,0.04,0.01,0.03,0.07,0.16,1130,,,,,,,,,,,
5/15/2020,SOFR,0.05,0.03,0.04,0.1,0.17,1127,,,,,,,,,,,
5/14/2020,SOFR,0.02,0.01,0.01,0.06,0.14,1102,,,,,,,,,,,
5/13/2020,SOFR,0.04,0.02,0.04,0.08,0.17,1085,,,,,,,,,,,
5/12/2020,SOFR,0.06,0.04,0.05,0.11,0.18,1142,,,,,,,,,,,
5/11/2020,SOFR,0.06,0.04,0.05,0.11,0.18,1123,,,,,,,,,,,
5/8/2020,SOFR,0.06,0.04,0.05,0.11,0.18,1142,,,,,,,,,,,
5/7/2020,SOFR,0.05,0.04,0.05,0.1,0.17,1127,,,,,,,,,,,
5/6/2020,SOFR,0.05,0.03,0.04,0.1,0.17,1127,,,,,,,,,,,
5/5/2020,SOFR,0.05,0.03,0.04,0.09,0.17,1172,,,,,,,,,,,
5/4/2020,SOFR,0.05,0.02,0.04,0.1,0.18,1184,,,,,,,,,,,
5/1/2020,SOFR,0.03,0.02,0.03,0.09,0.16,1190,,,,,,,,,,,
4/30/2020,SOFR,0.04,0.02,0.02,0.09,0.16,1180,,,,,,,,,,,
4/29/2020,SOFR,0.01,0.01,0.01,0.05,0.13,1141,,,,,,,,,,,
4/28/2020,SOFR,0.01,0.01,0.01,0.05,0.15,1165,,,,,,,,,,,
4/27/2020,SOFR,0.03,0.02,0.02,0.07,0.16,1145,,,,,,,,,,,
4/24/2020,SOFR,0.03,0.02,0.03,0.08,0.16,1208,,,,,,,,,,,
4/23/2020,SOFR,0.01,0.01,0.01,0.04,0.13,1141,,,,,,,,,,,
4/22/2020,SOFR,0.01,0,0.01,0.03,0.12,1158,,,,,,,,,,,
4/21/2020,SOFR,0.01,0,0.01,0.03,0.13,1163,,,,,,,,,,,
4/20/2020,SOFR,0.02,0.01,0.01,0.06,0.15,1158,,,,,,,,,,,
4/17/2020,SOFR,0.03,0.02,0.02,0.08,0.16,1231,,,,,,,,,,,
4/16/2020,SOFR,0.03,0.01,0.02,0.08,0.16,1223,,,,,,,,,,,
4/15/2020,SOFR,0.03,0.02,0.03,0.08,0.18,1257,,,,,,,,,,,
4/14/2020,SOFR,0.06,0.03,0.05,0.11,0.21,1152,,,,,,,,,,,
4/13/2020,SOFR,0.02,0.01,0.02,0.07,0.17,1193,,,,,,,,,,,
4/9/2020,SOFR,0.01,0.01,0.01,0.05,0.16,1160,,,,,,,,,,,
4/8/2020,SOFR,0.01,0.01,0.01,0.03,0.16,1152,,,,,,,,,,,
4/7/2020,SOFR,0.01,0,0.01,0.02,0.16,1226,,,,,,,,,,,
4/6/2020,SOFR,0.01,0,0.01,0.02,0.15,1254,,,,,,,,,,,
4/3/2020,SOFR,0.01,0,0.01,0.02,0.16,1266,,,,,,,,,,,
4/2/2020,SOFR,0.01,0.01,0.01,0.03,0.17,1202,,,,,,,,,,,
4/1/2020,SOFR,0.01,-0.01,0.01,0.03,0.17,1226,,,,,,,,,,,
3/31/2020,SOFR,0.01,-0.03,0.01,0.01,0.17,1127,,,,,,,,,,,
3/30/2020,SOFR,0.01,-0.02,0.01,0.01,0.18,1157,,,,,,,,,,,
3/27/2020,SOFR,0.01,-0.01,0.01,0.01,0.2,1222,,,,,,,,,,,
3/26/2020,SOFR,0.01,0,0.01,0.02,0.23,1233,,,,,,,,,,,
3/25/2020,SOFR,0.01,0,0.01,0.02,0.22,1229,,,,,,,,,,,
3/24/2020,SOFR,0.01,0,0.01,0.03,0.2,1280,,,,,,,,,,,
3/23/2020,SOFR,0.02,0,0.01,0.04,0.2,1277,,,,,,,,,,,
3/20/2020,SOFR,0.04,0.01,0.03,0.07,0.18,1235,,,,,,,,,,,
3/19/2020,SOFR,0.06,0.03,0.05,0.11,0.27,1319,,,,,,,,,,,
3/18/2020,SOFR,0.1,0.06,0.08,0.16,0.42,1358,,,,,,,,,,,
3/17/2020,SOFR,0.54,0.09,0.5,0.74,1,1335,,,,,,,,,,,
3/16/2020,SOFR,0.26,0.2,0.23,0.35,2,1306,,,,,,,,,,,
3/13/2020,SOFR,1.1,1.06,1.08,1.15,1.22,1298,,,,,,,,,,,
3/12/2020,SOFR,1.2,1.07,1.2,1.25,1.42,1293,,,,,,,,,,,
3/11/2020,SOFR,1.15,1.1,1.14,1.2,1.28,1222,,,,,,,,,,,
3/10/2020,SOFR,1.11,1.08,1.1,1.17,1.23,1264,,,,,,,,,,,
3/9/2020,SOFR,1.09,1.05,1.08,1.14,1.22,1256,,,,,,,,,,,
3/6/2020,SOFR,1.1,1.06,1.08,1.15,1.22,1295,,,,,,,,,,,
3/5/2020,SOFR,1.12,1.08,1.11,1.17,1.25,1254,,,,,,,,,,,
3/4/2020,SOFR,1.23,1.12,1.22,1.28,1.37,1261,,,,,,,,,,,
3/3/2020,SOFR,1.64,1.58,1.63,1.71,1.81,1238,,,,,,,,,,,
3/2/2020,SOFR,1.59,1.55,1.57,1.64,1.76,1291,,,,,,,,,,,
2/28/2020,SOFR,1.6,1.54,1.59,1.65,1.72,1156,,,,,,,,,,,
2/27/2020,SOFR,1.58,1.54,1.57,1.63,1.7,1106,,,,,,,,,,,
2/26/2020,SOFR,1.58,1.55,1.57,1.63,1.7,1120,,,,,,,,,,,
2/25/2020,SOFR,1.59,1.55,1.57,1.63,1.7,1122,,,,,,,,,,,
2/24/2020,SOFR,1.58,1.54,1.56,1.62,1.69,1106,,,,,,,,,,,
2/21/2020,SOFR,1.58,1.54,1.56,1.62,1.69,1099,,,,,,,,,,,
2/20/2020,SOFR,1.6,1.54,1.59,1.65,1.71,1112,,,,,,,,,,,
2/19/2020,SOFR,1.59,1.53,1.57,1.64,1.7,1128,,,,,,,,,,,
2/18/2020,SOFR,1.6,1.55,1.58,1.65,1.71,1163,,,,,,,,,,,
2/14/2020,SOFR,1.58,1.55,1.56,1.63,1.69,1086,,,,,,,,,,,
2/13/2020,SOFR,1.57,1.54,1.56,1.62,1.68,1114,,,,,,,,,,,
2/12/2020,SOFR,1.57,1.53,1.55,1.62,1.68,1124,,,,,,,,,,,
2/11/2020,SOFR,1.58,1.54,1.56,1.62,1.7,1114,,,,,,,,,,,
2/10/2020,SOFR,1.58,1.54,1.56,1.62,1.69,1111,,,,,,,,,,,
2/7/2020,SOFR,1.58,1.53,1.56,1.63,1.69,1111,,,,,,,,,,,
2/6/2020,SOFR,1.59,1.55,1.57,1.64,1.7,1105,,,,,,,,,,,
2/5/2020,SOFR,1.59,1.54,1.57,1.64,1.71,1168,,,,,,,,,,,
2/4/2020,SOFR,1.6,1.55,1.58,1.65,1.72,1161,,,,,,,,,,,
2/3/2020,SOFR,1.59,1.55,1.57,1.64,1.71,1134,,,,,,,,,,,
1/31/2020,SOFR,1.6,1.55,1.57,1.65,1.72,1149,,,,,,,,,,,
1/30/2020,SOFR,1.58,1.53,1.55,1.62,1.68,1072,,,,,,,,,,,
1/29/2020,SOFR,1.53,1.49,1.51,1.57,1.63,1082,,,,,,,,,,,
1/28/2020,SOFR,1.53,1.49,1.51,1.57,1.63,1074,,,,,,,,,,,
1/27/2020,SOFR,1.53,1.49,1.51,1.57,1.63,1051,,,,,,,,,,,
1/24/2020,SOFR,1.53,1.49,1.51,1.57,1.63,1070,,,,,,,,,,,
1/23/2020,SOFR,1.54,1.48,1.51,1.57,1.63,1051,,,,,,,,,,,
1/22/2020,SOFR,1.54,1.49,1.51,1.57,1.64,1085,,,,,,,,,,,
1/21/2020,SOFR,1.54,1.49,1.52,1.57,1.64,1067,,,,,,,,,,,
1/17/2020,SOFR,1.54,1.5,1.52,1.58,1.64,1043,,,,,,,,,,,
1/16/2020,SOFR,1.55,1.5,1.52,1.58,1.64,1069,,,,,,,,,,,
1/15/2020,SOFR,1.56,1.5,1.53,1.6,1.66,1022,,,,,,,,,,,
1/14/2020,SOFR,1.55,1.5,1.52,1.59,1.65,1009,,,,,,,,,,,
1/13/2020,SOFR,1.54,1.5,1.52,1.58,1.65,1021,,,,,,,,,,,
1/10/2020,SOFR,1.55,1.5,1.52,1.59,1.65,1013,,,,,,,,,,,
1/9/2020,SOFR,1.55,1.5,1.52,1.59,1.66,1011,,,,,,,,,,,
1/8/2020,SOFR,1.55,1.5,1.52,1.59,1.66,1007,,,,,,,,,,,
1/7/2020,SOFR,1.56,1.5,1.53,1.61,1.67,1028,,,,,,,,,,,
1/6/2020,SOFR,1.55,1.5,1.53,1.6,1.66,1034,,,,,,,,,,,
1/3/2020,SOFR,1.55,1.5,1.52,1.6,1.66,1030,,,,,,,,,,,
1/2/2020,SOFR,1.54,1.49,1.5,1.6,1.65,1123,,,,,,,,,,,
12/31/2019,SOFR,1.55,1.45,1.55,1.66,2,1010,,,,,,,,,,,
12/30/2019,SOFR,1.54,1.47,1.52,1.6,1.67,1036,,,,,,,,,,,
12/27/2019,SOFR,1.53,1.47,1.5,1.58,1.64,1038,,,,,,,,,,,
12/26/2019,SOFR,1.52,1.47,1.5,1.57,1.64,1000,,,,,,,,,,,
12/24/2019,SOFR,1.52,1.45,1.5,1.57,1.64,1006,,,,,,,,,,,
12/23/2019,SOFR,1.52,1.48,1.5,1.57,1.64,1027,,,,,,,,,,,
12/20/2019,SOFR,1.53,1.47,1.49,1.57,1.64,967,,,,,,,,,,,
12/19/2019,SOFR,1.53,1.47,1.5,1.58,1.65,988,,,,,,,,,,,
12/18/2019,SOFR,1.53,1.48,1.5,1.58,1.65,1057,,,,,,,,,,,
12/17/2019,SOFR,1.54,1.48,1.5,1.59,1.64,1014,,,,,,,,,,,
12/16/2019,SOFR,1.62,1.54,1.6,1.67,1.74,1025,,,,,,,,,,,
12/13/2019,SOFR,1.54,1.48,1.5,1.58,1.66,1017,,,,,,,,,,,
12/12/2019,SOFR,1.53,1.48,1.5,1.57,1.65,1039,,,,,,,,,,,
12/11/2019,SOFR,1.54,1.49,1.5,1.58,1.65,1056,,,,,,,,,,,
12/10/2019,SOFR,1.55,1.5,1.51,1.59,1.66,1049,,,,,,,,,,,
12/9/2019,SOFR,1.56,1.5,1.53,1.61,1.67,1042,,,,,,,,,,,
12/6/2019,SOFR,1.55,1.5,1.52,1.6,1.67,1017,,,,,,,,,,,
12/5/2019,SOFR,1.55,1.5,1.52,1.6,1.66,1017,,,,,,,,,,,
12/4/2019,SOFR,1.54,1.49,1.5,1.59,1.65,1046,,,,,,,,,,,
12/3/2019,SOFR,1.55,1.49,1.51,1.59,1.66,1050,,,,,,,,,,,
12/2/2019,SOFR,1.63,1.54,1.6,1.68,1.75,1104,,,,,,,,,,,
11/29/2019,SOFR,1.65,1.5,1.63,1.7,1.8,1004,,,,,,,,,,,
11/27/2019,SOFR,1.55,1.48,1.5,1.59,1.66,1011,,,,,,,,,,,
11/26/2019,SOFR,1.54,1.49,1.51,1.59,1.68,1056,,,,,,,,,,,
11/25/2019,SOFR,1.56,1.5,1.54,1.62,1.69,994,,,,,,,,,,,
11/22/2019,SOFR,1.58,1.51,1.56,1.64,1.7,1028,,,,,,,,,,,
11/21/2019,SOFR,1.58,1.5,1.55,1.64,1.7,993,,,,,,,,,,,
11/20/2019,SOFR,1.57,1.51,1.54,1.63,1.69,1001,,,,,,,,,,,
11/19/2019,SOFR,1.57,1.51,1.53,1.63,1.68,1008,,,,,,,,,,,
11/18/2019,SOFR,1.56,1.5,1.52,1.61,1.68,1012,,,,,,,,,,,
11/15/2019,SOFR,1.59,1.51,1.55,1.63,1.7,1049,,,,,,,,,,,
11/14/2019,SOFR,1.58,1.5,1.55,1.64,1.71,1027,,,,,,,,,,,
11/13/2019,SOFR,1.57,1.5,1.54,1.63,1.7,1018,,,,,,,,,,,
11/12/2019,SOFR,1.57,1.52,1.54,1.63,1.7,1064,,,,,,,,,,,
11/8/2019,SOFR,1.56,1.5,1.53,1.61,1.68,1016,,,,,,,,,,,
11/7/2019,SOFR,1.56,1.51,1.53,1.62,1.69,1066,,,,,,,,,,,
11/6/2019,SOFR,1.57,1.5,1.53,1.61,1.69,1083,,,,,,,,,,,
11/5/2019,SOFR,1.58,1.51,1.55,1.63,1.7,1062,,,,,,,,,,,
11/4/2019,SOFR,1.56,1.5,1.54,1.62,1.69,1146,,,,,,,,,,,
11/1/2019,SOFR,1.58,1.52,1.55,1.63,1.7,1118,,,,,,,,,,,
10/31/2019,SOFR,1.76,1.68,1.73,1.85,2.02,1174,,,,,,,,,,,
10/30/2019,SOFR,1.82,1.77,1.8,1.88,1.95,1099,,,,,,,,,,,
10/29/2019,SOFR,1.81,1.76,1.78,1.86,1.94,1048,,,,,,,,,,,
10/28/2019,SOFR,1.82,1.77,1.8,1.88,1.96,1089,,,,,,,,,,,
10/25/2019,SOFR,1.84,1.78,1.81,1.9,1.97,1077,,,,,,,,,,,
10/24/2019,SOFR,1.86,1.81,1.85,1.93,2.02,1086,,,,,,,,,,,
10/23/2019,SOFR,1.87,1.8,1.84,1.92,2.01,1065,,,,,,,,,,,
10/22/2019,SOFR,1.87,1.8,1.85,1.94,2.01,1079,,,,,,,,,,,
10/21/2019,SOFR,1.86,1.8,1.83,1.92,1.99,1054,,,,,,,,,,,
10/18/2019,SOFR,1.88,1.82,1.85,1.95,2.02,1120,,,,,,,,,,,
10/17/2019,SOFR,1.95,1.87,1.93,2.01,2.1,1077,,,,,,,,,,,
10/16/2019,SOFR,2.05,1.9,2.02,2.11,2.2,1086,,,,,,,,,,,
10/15/2019,SOFR,2,1.9,1.96,2.07,2.4,1088,,,,,,,,,,,
10/11/2019,SOFR,1.85,1.78,1.82,1.9,1.97,1024,,,,,,,,,,,
10/10/2019,SOFR,1.85,1.78,1.82,1.91,1.98,1124,,,,,,,,,,,
10/9/2019,SOFR,1.85,1.8,1.82,1.9,1.97,1061,,,,,,,,,,,
10/8/2019,SOFR,1.85,1.8,1.82,1.91,1.98,1070,,,,,,,,,,,
10/7/2019,SOFR,1.83,1.78,1.8,1.89,1.95,1070,,,,,,,,,,,
10/4/2019,SOFR,1.82,1.77,1.79,1.88,1.94,1094,,,,,,,,,,,
10/3/2019,SOFR,1.84,1.79,1.81,1.89,1.96,1120,,,,,,,,,,,
10/2/2019,SOFR,1.85,1.8,1.82,1.9,1.98,1147,,,,,,,,,,,
10/1/2019,SOFR,1.88,1.82,1.84,1.96,2.05,1183,,,,,,,,,,,
9/30/2019,SOFR,2.35,2,2.35,2.5,3.2,1097,,,,,,,,,,,
9/27/2019,SOFR,1.82,1.75,1.8,1.88,1.96,1084,,,,,,,,,,,
9/26/2019,SOFR,1.85,1.78,1.82,1.9,2.03,1092,,,,,,,,,,,
9/25/2019,SOFR,2.01,1.8,2,2.1,2.23,1080,,,,,,,,,,,
9/24/2019,SOFR,1.96,1.89,1.94,2.02,2.1,1085,,,,,,,,,,,
9/23/2019,SOFR,1.85,1.8,1.82,1.91,2.1,1140,,,,,,,,,,,
9/20/2019,SOFR,1.86,1.8,1.85,1.9,2.08,1121,,,,,,,,,,,
9/19/2019,SOFR,1.95,1.82,1.92,2.05,2.5,1137,,,,,,,,,,,
9/18/2019,SOFR,2.55,2.1,2.5,3,5,1196,,,,,,,,,,,
9/17/2019,SOFR,5.25,2.25,5,5.85,9,1177,,,,,,,,,,,
9/16/2019,SOFR,2.43,2.38,2.42,2.55,4.6,1156,,,,,,,,,,,
9/13/2019,SOFR,2.2,2.16,2.19,2.27,2.4,1134,,,,,,,,,,,
9/12/2019,SOFR,2.2,2.15,2.18,2.28,2.35,1156,,,,,,,,,,,
9/11/2019,SOFR,2.15,2.12,2.14,2.23,2.3,1179,,,,,,,,,,,
9/10/2019,SOFR,2.14,2.11,2.13,2.22,2.28,1186,,,,,,,,,,,
9/9/2019,SOFR,2.12,2.09,2.11,2.19,2.27,1243,,,,,,,,,,,
9/6/2019,SOFR,2.15,2.1,2.15,2.23,2.3,1222,,,,,,,,,,,
9/5/2019,SOFR,2.21,2.15,2.2,2.28,2.35,1197,,,,,,,,,,,
9/4/2019,SOFR,2.21,2.15,2.2,2.29,2.39,1222,,,,,,,,,,,
9/3/2019,SOFR,2.17,2.14,2.15,2.25,2.4,1281,,,,,,,,,,,
8/30/2019,SOFR,2.16,2.09,2.15,2.23,2.33,1194,,,,,,,,,,,
8/29/2019,SOFR,2.12,2.06,2.11,2.19,2.26,1196,,,,,,,,,,,
8/28/2019,SOFR,2.12,2.05,2.11,2.19,2.26,1196,,,,,,,,,,,
8/27/2019,SOFR,2.15,2.11,2.14,2.22,2.3,1197,,,,,,,,,,,
8/26/2019,SOFR,2.1,2.07,2.09,2.17,2.23,1190,,,,,,,,,,,
8/23/2019,SOFR,2.1,2.06,2.07,2.16,2.22,1130,,,,,,,,,,,
8/22/2019,SOFR,2.09,2.05,2.07,2.16,2.22,1160,,,,,,,,,,,
8/21/2019,SOFR,2.1,2.05,2.08,2.16,2.24,1188,,,,,,,,,,,
8/20/2019,SOFR,2.13,2.08,2.12,2.19,2.26,1228,,,,,,,,,,,
8/19/2019,SOFR,2.11,2.07,2.1,2.17,2.24,1241,,,,,,,,,,,
8/16/2019,SOFR,2.13,2.08,2.12,2.2,2.27,1247,,,,,,,,,,,
8/15/2019,SOFR,2.18,2.1,2.18,2.26,2.34,1218,,,,,,,,,,,
8/14/2019,SOFR,2.13,2.08,2.12,2.2,2.27,1244,,,,,,,,,,,
8/13/2019,SOFR,2.16,2.03,2.16,2.24,2.32,1183,,,,,,,,,,,
8/12/2019,SOFR,2.12,2.05,2.11,2.19,2.26,1177,,,,,,,,,,,
8/9/2019,SOFR,2.11,2.08,2.1,2.18,2.25,1186,,,,,,,,,,,
8/8/2019,SOFR,2.09,2.06,2.07,2.15,2.25,1218,,,,,,,,,,,
8/7/2019,SOFR,2.1,2.06,2.09,2.16,2.23,1196,,,,,,,,,,,
8/6/2019,SOFR,2.11,2.08,2.1,2.18,2.25,1234,,,,,,,,,,,
8/5/2019,SOFR,2.13,2.1,2.12,2.2,2.28,1253,,,,,,,,,,,
8/2/2019,SOFR,2.19,2.1,2.18,2.25,2.33,1185,,,,,,,,,,,
8/1/2019,SOFR,2.19,2.11,2.19,2.27,2.33,1183,,,,,,,,,,,
7/31/2019,SOFR,2.55,2.35,2.53,2.63,2.78,1217,,,,,,,,,,,
7/30/2019,SOFR,2.39,2.35,2.38,2.46,2.53,1158,,,,,,,,,,,
7/29/2019,SOFR,2.4,2.3,2.39,2.47,2.54,1153,,,,,,,,,,,
7/26/2019,SOFR,2.41,2.35,2.4,2.48,2.56,1142,,,,,,,,,,,
7/25/2019,SOFR,2.42,2.38,2.41,2.5,2.57,1153,,,,,,,,,,,
7/24/2019,SOFR,2.41,2.35,2.4,2.48,2.56,1139,,,,,,,,,,,
7/23/2019,SOFR,2.4,2.36,2.39,2.47,2.53,1091,,,,,,,,,,,
7/22/2019,SOFR,2.4,2.36,2.38,2.47,2.53,1123,,,,,,,,,,,
7/19/2019,SOFR,2.41,2.35,2.4,2.48,2.55,1140,,,,,,,,,,,
7/18/2019,SOFR,2.46,2.3,2.44,2.52,2.62,1114,,,,,,,,,,,
7/17/2019,SOFR,2.47,2.4,2.45,2.54,2.62,1104,,,,,,,,,,,
7/16/2019,SOFR,2.47,2.42,2.44,2.53,2.6,1102,,,,,,,,,,,
7/15/2019,SOFR,2.46,2.42,2.44,2.52,2.6,1199,,,,,,,,,,,
7/12/2019,SOFR,2.36,2.33,2.34,2.42,2.53,1138,,,,,,,,,,,
7/11/2019,SOFR,2.41,2.34,2.4,2.47,2.55,1147,,,,,,,,,,,
7/10/2019,SOFR,2.46,2.3,2.45,2.52,2.59,1139,,,,,,,,,,,
7/9/2019,SOFR,2.45,2.42,2.45,2.53,2.6,1178,,,,,,,,,,,
7/8/2019,SOFR,2.48,2.42,2.46,2.54,2.6,1211,,,,,,,,,,,
7/5/2019,SOFR,2.59,2.44,2.58,2.68,2.76,1193,,,,,,,,,,,
7/3/2019,SOFR,2.56,2.48,2.55,2.65,2.75,1213,,,,,,,,,,,
7/2/2019,SOFR,2.51,2.45,2.49,2.58,3.1,1224,,,,,,,,,,,
7/1/2019,SOFR,2.42,2.36,2.38,2.47,3.85,1181,,,,,,,,,,,
6/28/2019,SOFR,2.5,2.33,2.5,2.65,3.03,1113,,,,,,,,,,,
6/27/2019,SOFR,2.42,2.32,2.4,2.48,2.57,1117,,,,,,,,,,,
6/26/2019,SOFR,2.43,2.3,2.43,2.5,2.57,1099,,,,,,,,,,,
6/25/2019,SOFR,2.41,2.35,2.4,2.48,2.54,1101,,,,,,,,,,,
6/24/2019,SOFR,2.39,2.35,2.38,2.46,2.52,1092,,,,,,,,,,,
6/21/2019,SOFR,2.37,2.33,2.35,2.43,2.5,1103,,,,,,,,,,,
6/20/2019,SOFR,2.36,2.31,2.33,2.41,2.48,1067,,,,,,,,,,,
6/19/2019,SOFR,2.36,2.31,2.34,2.42,2.49,1059,,,,,,,,,,,
6/18/2019,SOFR,2.39,2.33,2.36,2.44,2.51,1059,,,,,,,,,,,
6/17/2019,SOFR,2.41,2.36,2.38,2.47,2.53,1098,,,,,,,,,,,
6/14/2019,SOFR,2.35,2.3,2.32,2.39,2.45,1047,,,,,,,,,,,
6/13/2019,SOFR,2.35,2.32,2.34,2.42,2.49,1039,,,,,,,,,,,
6/12/2019,SOFR,2.37,2.31,2.36,2.43,2.5,1099,,,,,,,,,,,
6/11/2019,SOFR,2.38,2.3,2.36,2.44,2.5,1048,,,,,,,,,,,
6/10/2019,SOFR,2.39,2.35,2.37,2.45,2.5,1112,,,,,,,,,,,
6/7/2019,SOFR,2.39,2.3,2.37,2.45,2.51,1104,,,,,,,,,,,
6/6/2019,SOFR,2.4,2.34,2.37,2.46,2.51,1031,,,,,,,,,,,
6/5/2019,SOFR,2.4,2.34,2.36,2.45,2.5,1082,,,,,,,,,,,
6/4/2019,SOFR,2.39,2.34,2.36,2.45,2.5,1110,,,,,,,,,,,
6/3/2019,SOFR,2.4,2.35,2.37,2.45,2.52,1162,,,,,,,,,,,
5/31/2019,SOFR,2.49,NA,NA,NA,NA,1136,,,,,,,,,,,2
5/30/2019,SOFR,2.4,2.28,2.39,2.46,2.54,1083,,,,,,,,,,,
5/29/2019,SOFR,2.4,2.28,2.39,2.47,2.53,1099,,,,,,,,,,,
5/28/2019,SOFR,2.41,2.35,2.38,2.47,2.53,1085,,,,,,,,,,,
5/24/2019,SOFR,2.37,2.32,2.34,2.43,2.49,1038,,,,,,,,,,,
5/23/2019,SOFR,2.37,2.32,2.34,2.43,2.49,1039,,,,,,,,,,,
5/22/2019,SOFR,2.37,2.3,2.34,2.43,2.49,1037,,,,,,,,,,,
5/21/2019,SOFR,2.38,2.33,2.36,2.44,2.5,1017,,,,,,,,,,,
5/20/2019,SOFR,2.39,2.33,2.36,2.44,2.5,1038,,,,,,,,,,,
5/17/2019,SOFR,2.42,2.34,2.39,2.47,2.52,1036,,,,,,,,,,,
5/16/2019,SOFR,2.43,2.38,2.4,2.49,2.54,1030,,,,,,,,,,,
5/15/2019,SOFR,2.48,2.4,2.45,2.54,2.6,1052,,,,,,,,,,,
5/14/2019,SOFR,2.39,2.34,2.36,2.45,2.51,1012,,,,,,,,,,,
5/13/2019,SOFR,2.38,2.33,2.35,2.43,2.49,1007,,,,,,,,,,,
5/10/2019,SOFR,2.4,2.35,2.37,2.44,2.5,1034,,,,,,,,,,,
5/9/2019,SOFR,2.41,2.35,2.38,2.46,2.52,1011,,,,,,,,,,,
5/8/2019,SOFR,2.43,2.35,2.4,2.48,2.54,1034,,,,,,,,,,,
5/7/2019,SOFR,2.44,2.38,2.41,2.5,2.55,1069,,,,,,,,,,,
5/6/2019,SOFR,2.42,2.37,2.4,2.48,2.54,1021,,,,,,,,,,,
5/3/2019,SOFR,2.43,2.38,2.41,2.5,2.56,1076,,,,,,,,,,,
5/2/2019,SOFR,2.5,2.4,2.46,2.57,2.63,1053,,,,,,,,,,,
5/1/2019,SOFR,2.54,2.46,2.5,2.6,2.65,1074,,,,,,,,,,,
4/30/2019,SOFR,2.76,2.42,2.75,2.87,3.06,1084,,,,,,,,,,,
4/29/2019,SOFR,2.48,2.4,2.46,2.55,2.62,968,,,,,,,,,,,
4/26/2019,SOFR,2.46,2.41,2.45,2.53,2.6,982,,,,,,,,,,,
4/25/2019,SOFR,2.45,2.39,2.41,2.5,2.57,962,,,,,,,,,,,
4/24/2019,SOFR,2.44,2.39,2.41,2.49,2.56,1018,,,,,,,,,,,
4/23/2019,SOFR,2.46,2.39,2.45,2.53,2.59,969,,,,,,,,,,,
4/22/2019,SOFR,2.46,2.4,2.43,2.52,2.59,978,,,,,,,,,,,
4/18/2019,SOFR,2.5,2.43,2.46,2.55,2.63,979,,,,,,,,,,,
4/17/2019,SOFR,2.5,2.43,2.47,2.57,2.63,954,,,,,,,,,,,
4/16/2019,SOFR,2.47,2.4,2.43,2.53,2.65,961,,,,,,,,,,,
4/15/2019,SOFR,2.47,2.4,2.43,2.52,2.6,968,,,,,,,,,,,
4/12/2019,SOFR,2.44,2.39,2.4,2.49,2.55,955,,,,,,,,,,,
4/11/2019,SOFR,2.44,2.39,2.4,2.49,2.55,974,,,,,,,,,,,
4/10/2019,SOFR,2.45,2.38,2.42,2.51,2.57,945,,,,,,,,,,,
4/9/2019,SOFR,2.45,2.37,2.42,2.51,2.57,970,,,,,,,,,,,
4/8/2019,SOFR,2.46,2.4,2.43,2.52,2.58,949,,,,,,,,,,,
4/5/2019,SOFR,2.46,2.4,2.43,2.53,2.58,976,,,,,,,,,,,
4/4/2019,SOFR,2.46,2.4,2.43,2.52,2.58,1000,,,,,,,,,,,
4/3/2019,SOFR,2.47,2.41,2.43,2.52,2.58,987,,,,,,,,,,,
4/2/2019,SOFR,2.46,2.4,2.43,2.53,2.61,978,,,,,,,,,,,
4/1/2019,SOFR,2.46,2.4,2.41,2.51,2.67,978,,,,,,,,,,,
3/29/2019,SOFR,2.65,2.4,2.56,3.18,3.7,897,,,,,,,,,,,
3/28/2019,SOFR,2.43,2.34,2.42,2.5,2.58,898,,,,,,,,,,,
3/27/2019,SOFR,2.4,2.34,2.38,2.46,2.53,879,,,,,,,,,,,
3/26/2019,SOFR,2.4,2.35,2.37,2.46,2.52,901,,,,,,,,,,,
3/25/2019,SOFR,2.4,2.35,2.37,2.45,2.51,919,,,,,,,,,,,
3/22/2019,SOFR,2.4,2.35,2.38,2.46,2.52,889,,,,,,,,,,,
3/21/2019,SOFR,2.44,2.39,2.42,2.51,2.59,921,,,,,,,,,,,
3/20/2019,SOFR,2.47,2.4,2.46,2.54,2.61,928,,,,,,,,,,,
3/19/2019,SOFR,2.42,2.38,2.4,2.5,2.58,945,,,,,,,,,,,
3/18/2019,SOFR,2.41,2.35,2.38,2.47,2.53,942,,,,,,,,,,,
3/15/2019,SOFR,2.46,2.4,2.43,2.52,2.59,940,,,,,,,,,,,
3/14/2019,SOFR,2.42,2.36,2.39,2.47,2.53,879,,,,,,,,,,,
3/13/2019,SOFR,2.4,2.33,2.38,2.46,2.53,925,,,,,,,,,,,
3/12/2019,SOFR,2.39,2.35,2.37,2.46,2.52,916,,,,,,,,,,,
3/11/2019,SOFR,2.38,2.35,2.36,2.45,2.51,949,,,,,,,,,,,
3/8/2019,SOFR,2.39,2.34,2.36,2.44,2.51,954,,,,,,,,,,,
3/7/2019,SOFR,2.38,2.34,2.37,2.46,2.52,972,,,,,,,,,,,
3/6/2019,SOFR,2.38,2.33,2.36,2.44,2.5,977,,,,,,,,,,,
3/5/2019,SOFR,2.38,2.33,2.36,2.44,2.51,956,,,,,,,,,,,
3/4/2019,SOFR,2.38,2.34,2.36,2.45,2.51,965,,,,,,,,,,,
3/1/2019,SOFR,2.38,2.35,2.36,2.45,2.52,1007,,,,,,,,,,,
2/28/2019,SOFR,2.58,2.35,2.55,2.64,2.82,1003,,,,,,,,,,,
2/27/2019,SOFR,2.37,2.34,2.37,2.44,2.51,898,,,,,,,,,,,
2/26/2019,SOFR,2.38,2.34,2.37,2.45,2.51,919,,,,,,,,,,,
2/25/2019,SOFR,2.38,2.34,2.37,2.45,2.51,938,,,,,,,,,,,
2/22/2019,SOFR,2.4,2.34,2.37,2.45,2.51,894,,,,,,,,,,,
2/21/2019,SOFR,2.39,2.34,2.37,2.45,2.51,886,,,,,,,,,,,
2/20/2019,SOFR,2.39,2.34,2.37,2.46,2.51,913,,,,,,,,,,,
2/19/2019,SOFR,2.4,2.35,2.37,2.46,2.51,941,,,,,,,,,,,
2/15/2019,SOFR,2.43,2.38,2.41,2.49,2.56,913,,,,,,,,,,,
2/14/2019,SOFR,2.39,2.34,2.36,2.45,2.5,862,,,,,,,,,,,
2/13/2019,SOFR,2.38,2.34,2.36,2.44,2.5,928,,,,,,,,,,,
2/12/2019,SOFR,2.39,2.33,2.36,2.44,2.5,920,,,,,,,,,,,
2/11/2019,SOFR,2.4,2.35,2.4,2.48,2.56,984,,,,,,,,,,,
2/8/2019,SOFR,2.37,2.33,2.35,2.44,2.5,912,,,,,,,,,,,
2/7/2019,SOFR,2.38,2.34,2.36,2.45,2.51,918,,,,,,,,,,,
2/6/2019,SOFR,2.38,2.33,2.35,2.44,2.49,942,,,,,,,,,,,
2/5/2019,SOFR,2.4,2.34,2.37,2.45,2.51,932,,,,,,,,,,,
2/4/2019,SOFR,2.4,2.3,2.38,2.47,2.53,964,,,,,,,,,,,
2/1/2019,SOFR,2.47,2.3,2.44,2.52,2.59,993,,,,,,,,,,,
1/31/2019,SOFR,2.58,2.3,2.55,2.65,2.85,1048,,,,,,,,,,,
1/30/2019,SOFR,2.39,2.35,2.36,2.45,2.52,948,,,,,,,,,,,
1/29/2019,SOFR,2.4,2.32,2.37,2.45,2.52,934,,,,,,,,,,,
1/28/2019,SOFR,2.39,2.32,2.37,2.45,2.52,981,,,,,,,,,,,
1/25/2019,SOFR,2.4,2.34,2.38,2.46,2.53,915,,,,,,,,,,,
1/24/2019,SOFR,2.41,2.35,2.4,2.48,2.55,994,,,,,,,,,,,
1/23/2019,SOFR,2.4,2.35,2.38,2.46,2.52,956,,,,,,,,,,,
1/22/2019,SOFR,2.41,2.35,2.37,2.46,2.52,967,,,,,,,,,,,
1/18/2019,SOFR,2.42,2.34,2.37,2.46,2.52,974,,,,,,,,,,,
1/17/2019,SOFR,2.41,2.35,2.37,2.46,2.52,969,,,,,,,,,,,
1/16/2019,SOFR,2.43,2.35,2.37,2.46,2.52,988,,,,,,,,,,,
1/15/2019,SOFR,2.46,2.38,2.41,2.5,2.56,991,,,,,,,,,,,
1/14/2019,SOFR,2.4,2.34,2.38,2.46,2.53,977,,,,,,,,,,,
1/11/2019,SOFR,2.41,2.35,2.38,2.46,2.52,973,,,,,,,,,,,
1/10/2019,SOFR,2.43,2.37,2.41,2.49,2.56,1026,,,,,,,,,,,
1/9/2019,SOFR,2.45,2.3,2.44,2.52,2.59,1032,,,,,,,,,,,
1/8/2019,SOFR,2.42,2.38,2.4,2.5,2.55,1070,,,,,,,,,,,
1/7/2019,SOFR,2.41,2.35,2.39,2.47,2.54,1052,,,,,,,,,,,
1/4/2019,SOFR,2.45,2.3,2.43,2.51,2.6,1041,,,,,,,,,,,
1/3/2019,SOFR,2.7,2.3,2.7,2.78,2.89,1063,,,,,,,,,,,
1/2/2019,SOFR,3.15,2.3,3.1,3.29,3.7,1092,,,,,,,,,,,
12/31/2018,SOFR,3,2.7,2.95,3.2,6.25,1000,,,,,,,,,,,
12/28/2018,SOFR,2.46,2.3,2.45,2.54,2.6,927,,,,,,,,,,,
12/27/2018,SOFR,2.44,2.3,2.43,2.52,2.57,943,,,,,,,,,,,
12/26/2018,SOFR,2.44,2.3,2.43,2.52,2.57,957,,,,,,,,,,,
12/24/2018,SOFR,2.41,2.38,2.41,2.49,2.55,881,,,,,,,,,,,
12/21/2018,SOFR,2.4,2.35,2.39,2.47,2.54,927,,,,,,,,,,,
12/20/2018,SOFR,2.41,2.35,2.4,2.48,2.54,963,,,,,,,,,,,
12/19/2018,SOFR,2.3,2.1,2.29,2.37,2.44,910,,,,,,,,,,,
12/18/2018,SOFR,2.32,2.15,2.3,2.39,2.45,920,,,,,,,,,,,
12/17/2018,SOFR,2.31,2.25,2.28,2.37,2.45,935,,,,,,,,,,,
12/14/2018,SOFR,2.21,2.15,2.19,2.27,2.32,867,,,,,,,,,,,
12/13/2018,SOFR,2.21,2.15,2.18,2.26,2.31,897,,,,,,,,,,,
12/12/2018,SOFR,2.2,2.15,2.17,2.25,2.3,882,,,,,,,,,,,
12/11/2018,SOFR,2.19,2.14,2.17,2.24,2.3,868,,,,,,,,,,,
12/10/2018,SOFR,2.22,2.15,2.2,2.28,2.33,903,,,,,,,,,,,
12/7/2018,SOFR,2.3,2.1,2.28,2.36,2.42,912,,,,,,,,,,,
12/6/2018,SOFR,2.34,2.15,2.31,2.4,2.7,963,,,,,,,,,,,
12/4/2018,SOFR,2.27,2.21,2.23,2.32,2.85,892,,,,,,,,,,,
12/3/2018,SOFR,2.23,2.2,2.22,2.3,2.4,912,,,,,,,,,,,
11/30/2018,SOFR,2.28,2.23,2.27,2.36,2.42,919,,,,,,,,,,,
11/29/2018,SOFR,2.24,2.18,2.23,2.31,2.36,850,,,,,,,,,,,
11/28/2018,SOFR,2.19,2.16,2.19,2.26,2.32,850,,,,,,,,,,,
11/27/2018,SOFR,2.19,2.16,2.17,2.25,2.31,843,,,,,,,,,,,
11/26/2018,SOFR,2.2,2.16,2.18,2.26,2.32,862,,,,,,,,,,,
11/23/2018,SOFR,2.23,2.17,2.22,2.3,2.36,820,,,,,,,,,,,
11/21/2018,SOFR,2.18,2.15,2.17,2.24,2.31,819,,,,,,,,,,,
11/20/2018,SOFR,2.2,2.14,2.18,2.26,2.31,845,,,,,,,,,,,
11/19/2018,SOFR,2.24,2.17,2.22,2.29,2.36,863,,,,,,,,,,,
11/16/2018,SOFR,2.26,2.2,2.25,2.32,2.38,828,,,,,,,,,,,
11/15/2018,SOFR,2.28,2.2,2.26,2.34,2.39,846,,,,,,,,,,,
11/14/2018,SOFR,2.2,2.15,2.17,2.25,2.3,803,,,,,,,,,,,
11/13/2018,SOFR,2.2,2.13,2.17,2.25,2.3,817,,,,,,,,,,,
11/9/2018,SOFR,2.2,2.14,2.19,2.26,2.32,836,,,,,,,,,,,
11/8/2018,SOFR,2.21,2.16,2.2,2.27,2.33,819,,,,,,,,,,,
11/7/2018,SOFR,2.18,2.12,2.16,2.23,2.29,823,,,,,,,,,,,
11/6/2018,SOFR,2.22,2.1,2.22,2.28,2.34,802,,,,,,,,,,,
11/5/2018,SOFR,2.24,2.15,2.23,2.3,2.36,842,,,,,,,,,,,
11/2/2018,SOFR,2.25,2.2,2.24,2.32,2.38,853,,,,,,,,,,,
11/1/2018,SOFR,2.22,2.16,2.2,2.29,2.45,835,,,,,,,,,,,
10/31/2018,SOFR,2.22,2.15,2.19,2.28,2.35,849,,,,,,,,,,,
10/30/2018,SOFR,2.18,2.14,2.17,2.24,2.29,788,,,,,,,,,,,
10/29/2018,SOFR,2.18,2.12,2.17,2.24,2.3,806,,,,,,,,,,,
10/26/2018,SOFR,2.19,2.14,2.17,2.25,2.3,779,,,,,,,,,,,
10/25/2018,SOFR,2.19,2.14,2.17,2.25,2.3,822,,,,,,,,,,,
10/24/2018,SOFR,2.18,2.12,2.16,2.24,2.29,828,,,,,,,,,,,
10/23/2018,SOFR,2.17,2.13,2.15,2.23,2.28,779,,,,,,,,,,,
10/22/2018,SOFR,2.18,2.13,2.17,2.24,2.29,791,,,,,,,,,,,
10/19/2018,SOFR,2.19,2.15,2.17,2.25,2.3,785,,,,,,,,,,,
10/18/2018,SOFR,2.19,2.15,2.18,2.26,2.3,810,,,,,,,,,,,
10/17/2018,SOFR,2.18,2.14,2.17,2.25,2.29,771,,,,,,,,,,,
10/16/2018,SOFR,2.18,2.13,2.17,2.25,2.29,816,,,,,,,,,,,
10/15/2018,SOFR,2.21,2.15,2.19,2.27,2.31,837,,,,,,,,,,,
10/12/2018,SOFR,2.18,2.14,2.16,2.25,2.28,852,,,,,,,,,,,
10/11/2018,SOFR,2.17,2.11,2.16,2.24,2.28,838,,,,,,,,,,,
10/10/2018,SOFR,2.15,2.11,2.14,2.22,2.27,839,,,,,,,,,,,
10/9/2018,SOFR,2.15,2.1,2.13,2.21,2.27,855,,,,,,,,,,,
10/5/2018,SOFR,2.16,2.12,2.14,2.22,2.27,873,,,,,,,,,,,
10/4/2018,SOFR,2.18,2.14,2.17,2.24,2.28,816,,,,,,,,,,,
10/3/2018,SOFR,2.2,2.14,2.18,2.26,2.3,855,,,,,,,,,,,
10/2/2018,SOFR,2.2,2.15,2.19,2.27,2.3,861,,,,,,,,,,,
10/1/2018,SOFR,2.22,2.15,2.2,2.28,2.33,917,,,,,,,,,,,
9/28/2018,SOFR,2.25,2.1,2.24,2.33,2.4,807,,,,,,,,,,,
9/27/2018,SOFR,2.16,2.1,2.15,2.22,2.26,825,,,,,,,,,,,
9/26/2018,SOFR,1.92,1.85,1.91,1.98,2.01,828,,,,,,,,,,,
9/25/2018,SOFR,1.93,1.85,1.91,1.98,2.02,814,,,,,,,,,,,
9/24/2018,SOFR,1.95,1.88,1.94,2.01,2.05,799,,,,,,,,,,,
9/21/2018,SOFR,1.92,1.87,1.9,1.97,2.01,781,,,,,,,,,,,
9/20/2018,SOFR,1.92,1.85,1.9,1.98,2.01,808,,,,,,,,,,,
9/19/2018,SOFR,1.92,1.87,1.9,1.97,2.01,794,,,,,,,,,,,
9/18/2018,SOFR,1.94,1.86,1.91,1.99,2.02,819,,,,,,,,,,,
9/17/2018,SOFR,2,1.9,1.97,2.05,2.1,789,,,,,,,,,,,
9/14/2018,SOFR,1.95,1.88,1.91,1.99,2.07,798,,,,,,,,,,,
9/13/2018,SOFR,1.94,1.87,1.91,1.99,2.02,810,,,,,,,,,,,
9/12/2018,SOFR,1.94,1.85,1.92,1.99,2.03,810,,,,,,,,,,,
9/11/2018,SOFR,1.94,1.85,1.92,1.99,2.04,802,,,,,,,,,,,
9/10/2018,SOFR,1.94,1.86,1.92,1.99,2.03,816,,,,,,,,,,,
9/7/2018,SOFR,1.94,1.88,1.91,1.99,2.04,802,,,,,,,,,,,
9/6/2018,SOFR,1.94,1.88,1.91,1.99,2.04,799,,,,,,,,,,,
9/5/2018,SOFR,1.95,1.88,1.93,2,2.04,798,,,,,,,,,,,
9/4/2018,SOFR,1.95,1.88,1.93,2.01,2.05,833,,,,,,,,,,,
8/31/2018,SOFR,1.97,1.9,1.95,2.03,2.08,804,,,,,,,,,,,
8/30/2018,SOFR,1.93,1.86,1.92,2,2.05,795,,,,,,,,,,,
8/29/2018,SOFR,1.93,1.86,1.92,1.99,2.03,797,,,,,,,,,,,
8/28/2018,SOFR,1.95,1.87,1.94,2.02,2.06,805,,,,,,,,,,,
8/27/2018,SOFR,1.95,1.89,1.94,2.02,2.07,814,,,,,,,,,,,
8/24/2018,SOFR,1.95,1.89,1.94,2.01,2.05,773,,,,,,,,,,,
8/23/2018,SOFR,1.94,1.87,1.92,2,2.05,773,,,,,,,,,,,
8/22/2018,SOFR,1.9,1.85,1.89,1.96,2.03,787,,,,,,,,,,,
8/21/2018,SOFR,1.9,1.85,1.88,1.95,2,772,,,,,,,,,,,
8/20/2018,SOFR,1.9,1.85,1.89,1.95,1.99,778,,,,,,,,,,,
8/17/2018,SOFR,1.9,1.86,1.9,1.96,2.01,799,,,,,,,,,,,
8/16/2018,SOFR,1.99,1.91,1.98,2.05,2.09,782,,,,,,,,,,,
8/15/2018,SOFR,1.98,1.9,1.97,2.04,2.1,807,,,,,,,,,,,
8/14/2018,SOFR,1.93,1.87,1.91,1.98,2.06,729,,,,,,,,,,,
8/13/2018,SOFR,1.91,1.85,1.89,1.96,2.04,733,,,,,,,,,,,
8/10/2018,SOFR,1.9,1.85,1.87,1.95,2.05,735,,,,,,,,,,,
8/9/2018,SOFR,1.91,1.85,1.9,1.97,2.01,761,,,,,,,,,,,
8/8/2018,SOFR,1.88,1.84,1.87,1.94,1.98,738,,,,,,,,,,,
8/7/2018,SOFR,1.87,1.84,1.86,1.93,1.97,732,,,,,,,,,,,
8/6/2018,SOFR,1.86,1.82,1.84,1.92,2,763,,,,,,,,,,,
8/3/2018,SOFR,1.86,1.81,1.83,1.91,2.02,763,,,,,,,,,,,
8/2/2018,SOFR,1.91,1.84,1.9,1.96,2.01,781,,,,,,,,,,,
8/1/2018,SOFR,1.88,1.83,1.86,1.93,2,786,,,,,,,,,,,
7/31/2018,SOFR,1.93,1.85,1.91,1.98,2.03,799,,,,,,,,,,,
7/30/2018,SOFR,1.88,1.82,1.86,1.93,1.97,768,,,,,,,,,,,
7/27/2018,SOFR,1.88,1.83,1.87,1.94,1.98,774,,,,,,,,,,,
7/26/2018,SOFR,1.9,1.85,1.89,1.96,2,784,,,,,,,,,,,
7/25/2018,SOFR,1.87,1.83,1.86,1.93,1.98,753,,,,,,,,,,,
7/24/2018,SOFR,1.9,1.82,1.89,1.95,2,775,,,,,,,,,,,
7/23/2018,SOFR,1.87,1.84,1.86,1.93,1.97,764,,,,,,,,,,,
7/20/2018,SOFR,1.88,1.84,1.86,1.94,1.97,773,,,,,,,,,,,
7/19/2018,SOFR,1.9,1.84,1.88,1.96,1.99,769,,,,,,,,,,,
7/18/2018,SOFR,1.9,1.83,1.87,1.95,1.98,783,,,,,,,,,,,
7/17/2018,SOFR,1.92,1.86,1.9,1.98,2.02,766,,,,,,,,,,,
7/16/2018,SOFR,1.95,1.87,1.92,2,2.05,767,,,,,,,,,,,
7/13/2018,SOFR,1.9,1.84,1.87,1.95,2.05,735,,,,,,,,,,,
7/12/2018,SOFR,1.9,1.84,1.87,1.94,1.98,747,,,,,,,,,,,
7/11/2018,SOFR,1.89,1.83,1.86,1.93,1.96,766,,,,,,,,,,,
7/10/2018,SOFR,1.89,1.83,1.87,1.94,2,762,,,,,,,,,,,
7/9/2018,SOFR,1.89,1.84,1.87,1.94,1.97,784,,,,,,,,,,,
7/6/2018,SOFR,1.93,1.85,1.9,1.98,2.02,760,,,,,,,,,,,
7/5/2018,SOFR,1.97,1.85,1.95,2.03,2.07,807,,,,,,,,,,,
7/3/2018,SOFR,2,1.85,1.98,2.06,2.1,768,,,,,,,,,,,
7/2/2018,SOFR,2.04,1.93,2.01,2.1,2.15,775,,,,,,,,,,,
6/29/2018,SOFR,2.12,1.8,2.1,2.22,2.37,702,,,,,,,,,,,
6/28/2018,SOFR,1.93,1.85,1.9,1.97,2.15,768,,,,,,,,,,,
6/27/2018,SOFR,1.9,1.83,1.88,1.95,1.99,760,,,,,,,,,,,
6/26/2018,SOFR,1.9,1.8,1.89,1.95,1.99,757,,,,,,,,,,,
6/25/2018,SOFR,1.91,1.8,1.89,1.95,2.01,755,,,,,,,,,,,
6/22/2018,SOFR,1.92,1.83,1.9,1.96,2.01,742,,,,,,,,,,,
6/21/2018,SOFR,1.87,1.8,1.83,1.91,2,753,,,,,,,,,,,
6/20/2018,SOFR,1.87,1.8,1.83,1.91,1.94,769,,,,,,,,,,,
6/19/2018,SOFR,1.88,1.81,1.84,1.92,1.96,799,,,,,,,,,,,
6/18/2018,SOFR,1.9,1.82,1.85,1.93,1.98,799,,,,,,,,,,,
6/15/2018,SOFR,1.91,1.84,1.87,1.96,2.05,802,,,,,,,,,,,
6/14/2018,SOFR,1.9,1.8,1.87,1.94,1.99,818,,,,,,,,,,,
6/13/2018,SOFR,1.71,1.62,1.68,1.75,1.8,817,,,,,,,,,,,
6/12/2018,SOFR,1.67,1.62,1.65,1.72,1.78,774,,,,,,,,,,,
6/11/2018,SOFR,1.69,1.6,1.66,1.73,1.76,791,,,,,,,,,,,
6/8/2018,SOFR,1.69,1.64,1.67,1.74,1.77,806,,,,,,,,,,,
6/7/2018,SOFR,1.71,1.65,1.69,1.76,1.8,813,,,,,,,,,,,
6/6/2018,SOFR,1.73,1.65,1.7,1.77,1.8,805,,,,,,,,,,,
6/5/2018,SOFR,1.75,1.67,1.72,1.8,1.83,797,,,,,,,,,,,
6/4/2018,SOFR,1.8,1.68,1.76,1.84,1.88,825,,,,,,,,,,,
6/1/2018,SOFR,1.81,1.71,1.77,1.86,1.92,807,,,,,,,,,,,
5/31/2018,SOFR,1.81,1.73,1.78,1.88,2.05,872,,,,,,,,,,,
5/30/2018,SOFR,1.72,1.67,1.7,1.78,1.81,801,,,,,,,,,,,
5/29/2018,SOFR,1.72,1.67,1.7,1.78,1.82,796,,,,,,,,,,,
5/25/2018,SOFR,1.73,1.65,1.7,1.78,1.82,749,,,,,,,,,,,
5/24/2018,SOFR,1.74,1.66,1.71,1.79,1.84,772,,,,,,,,,,,
5/23/2018,SOFR,1.67,1.6,1.63,1.7,1.8,729,,,,,,,,,,,
5/22/2018,SOFR,1.65,1.59,1.63,1.69,1.75,748,,,,,,,,,,,
5/21/2018,SOFR,1.69,1.63,1.66,1.73,1.77,772,,,,,,,,,,,
5/18/2018,SOFR,1.73,1.65,1.69,1.77,1.81,750,,,,,,,,,,,
5/17/2018,SOFR,1.74,1.66,1.71,1.8,1.84,754,,,,,,,,,,,
5/16/2018,SOFR,1.75,1.65,1.7,1.79,1.82,754,,,,,,,,,,,
5/15/2018,SOFR,1.79,1.65,1.73,1.84,1.88,770,,,,,,,,,,,
5/14/2018,SOFR,1.75,1.65,1.7,1.79,1.82,741,,,,,,,,,,,
5/11/2018,SOFR,1.73,1.63,1.7,1.79,1.83,746,,,,,,,,,,,
5/10/2018,SOFR,1.73,1.64,1.69,1.79,1.83,737,,,,,,,,,,,
5/9/2018,SOFR,1.72,1.64,1.68,1.77,1.82,783,,,,,,,,,,,
5/8/2018,SOFR,1.72,1.65,1.68,1.77,1.81,746,,,,,,,,,,,
5/7/2018,SOFR,1.71,1.65,1.67,1.76,1.84,760,,,,,,,,,,,
5/4/2018,SOFR,1.72,1.65,1.68,1.77,1.8,752,,,,,,,,,,,
5/3/2018,SOFR,1.74,1.64,1.7,1.79,1.83,759,,,,,,,,,,,
5/2/2018,SOFR,1.75,1.64,1.7,1.79,1.83,753,,,,,,,,,,,
5/1/2018,SOFR,1.76,1.65,1.7,1.8,1.84,761,,,,,,,,,,,
4/30/2018,SOFR,1.77,1.66,1.72,1.82,1.86,775,,,,,,,,,,,
4/27/2018,SOFR,1.72,1.63,1.68,1.77,1.8,732,,,,,,,,,,,
4/26/2018,SOFR,1.72,1.64,1.67,1.77,1.8,725,,,,,,,,,,,
4/25/2018,SOFR,1.71,1.63,1.67,1.76,1.79,728,,,,,,,,,,,
4/24/2018,SOFR,1.71,1.64,1.68,1.76,1.8,747,,,,,,,,,,,
4/23/2018,SOFR,1.7,1.63,1.67,1.75,1.79,755,,,,,,,,,,,
4/20/2018,SOFR,1.72,1.64,1.67,1.76,1.79,726,,,,,,,,,,,
4/19/2018,SOFR,1.73,1.64,1.67,1.76,1.81,745,,,,,,,,,,,
4/18/2018,SOFR,1.75,1.66,1.69,1.8,1.83,738,,,,,,,,,,,
4/17/2018,SOFR,1.76,1.67,1.7,1.81,1.85,729,,,,,,,,,,,
4/16/2018,SOFR,1.77,1.65,1.7,1.82,1.85,770,,,,,,,,,,,
4/13/2018,SOFR,1.72,1.64,1.68,1.77,1.82,776,,,,,,,,,,,
4/12/2018,SOFR,1.73,1.64,1.68,1.77,1.8,871,,,,,,,,,,,
4/11/2018,SOFR,1.76,1.65,1.7,1.8,1.83,811,,,,,,,,,,,
4/10/2018,SOFR,1.75,1.66,1.7,1.8,1.84,811,,,,,,,,,,,
4/9/2018,SOFR,1.75,1.65,1.7,1.8,1.85,833,,,,,,,,,,,
4/6/2018,SOFR,1.75,1.65,1.7,1.8,1.84,845,,,,,,,,,,,
4/5/2018,SOFR,1.75,1.65,1.7,1.81,1.85,829,,,,,,,,,,,
4/4/2018,SOFR,1.74,1.65,1.7,1.79,1.84,859,,,,,,,,,,,
4/3/2018,SOFR,1.83,1.62,1.81,1.91,2,825,,,,,,,,,,,
4/2/2018,SOFR,1.8,1.25,1.77,1.89,2.25,849,,,,,,,,,,,
